date,rolling_sharpe,rolling_ic_mean
2020-01-02,,
2020-01-03,,
2020-01-06,,
2020-01-07,,
2020-01-08,,
2020-01-09,,
2020-01-10,,
2020-01-13,,
2020-01-14,,
2020-01-15,,
2020-01-16,,
2020-01-17,,
2020-01-21,,
2020-01-22,,
2020-01-23,,
2020-01-24,,
2020-01-27,,
2020-01-28,,
2020-01-29,,
2020-01-30,,
2020-01-31,,
2020-02-03,,
2020-02-04,,
2020-02-05,,
2020-02-06,,
2020-02-07,,
2020-02-10,,
2020-02-11,,
2020-02-12,,
2020-02-13,,
2020-02-14,,
2020-02-18,,
2020-02-19,,
2020-02-20,,
2020-02-21,,
2020-02-24,,
2020-02-25,,
2020-02-26,,
2020-02-27,,
2020-02-28,,
2020-03-02,,
2020-03-03,,
2020-03-04,,
2020-03-05,,
2020-03-06,,
2020-03-09,,
2020-03-10,,
2020-03-11,,
2020-03-12,,
2020-03-13,,
2020-03-16,,
2020-03-17,,
2020-03-18,,
2020-03-19,,
2020-03-20,,
2020-03-23,,
2020-03-24,,
2020-03-25,,
2020-03-26,,
2020-03-27,,
2020-03-30,,
2020-03-31,,
2020-04-01,-0.07120518941613008,0.01014173998044965
2020-04-02,-0.07466336667897946,0.013848159009449324
2020-04-03,-0.04973374472721913,0.01270772238514173
2020-04-06,-0.04697062802997781,0.016652702136573095
2020-04-07,-0.035518082829292655,0.0006458595168272529
2020-04-08,-0.02705285641496816,-0.0005934925289764051
2020-04-09,-0.030259835133748445,0.0024205185495508024
2020-04-13,-0.026922361992415468,0.0009542428897267557
2020-04-14,-0.034963556655531004,-0.007668854443047995
2020-04-15,-0.03521298756469732,-0.005097053484150262
2020-04-16,-0.023112286675299912,-0.005539263603779736
2020-04-17,-0.03155935094302817,-0.0010007913233719729
2020-04-20,-0.040190203046637264,-0.0005062142158916397
2020-04-21,-0.02999102949208446,0.003479495414979281
2020-04-22,-0.0304508138149767,0.0068484383000511975
2020-04-23,-0.021866443190284,0.012242238048689654
2020-04-24,-0.006074768199839949,0.021464646464646454
2020-04-27,-0.009869239666432602,0.02249453055904668
2020-04-28,-0.0009094378078614017,0.022552716101103192
2020-04-29,-0.005660802787806926,0.01715309779825908
2020-04-30,-0.00887129969897154,0.023797886701112502
2020-05-01,-0.010245945606487897,0.026800260671228406
2020-05-04,-0.014061675508923765,0.02493250477121444
2020-05-05,-0.021843558398978925,0.02951170693106176
2020-05-06,-0.019212590079228365,0.031972955360052124
2020-05-07,-0.010823097261315195,0.041073174137690266
2020-05-08,-0.012688077673243522,0.03708746450681934
2020-05-11,-0.02349405980232662,0.02754503560955173
2020-05-12,-0.03350060279923014,0.02801051994600381
2020-05-13,-0.028522100871617797,0.022203602848764135
2020-05-14,-0.025646555792170615,0.026747893683377547
2020-05-15,-0.013637231762611552,0.02053949634594795
2020-05-18,-0.019783175321387937,0.020632593213238366
2020-05-19,-0.009210634556718653,0.030529953917050684
2020-05-20,-0.008357538639320258,0.031978773914257776
2020-05-21,0.003934959728497448,0.03423637294605036
2020-05-22,0.021507310277831575,0.026003118745054222
2020-05-26,0.03027212149557309,0.021266815621654323
2020-05-27,0.04315475809081256,0.019369966950612102
2020-05-28,0.045405468114414115,0.013656146720662843
2020-05-29,0.03211654429474739,0.013801610575804119
2020-06-01,0.04729359575516181,0.019783084299213324
2020-06-02,0.03777655357124093,0.016082483824419302
2020-06-03,0.05143789681066836,0.009204952753339843
2020-06-04,0.07020997643651357,0.0069298980589303115
2020-06-05,0.11361279869016998,0.008483452031839124
2020-06-08,0.09461271061966599,0.00644695805986128
2020-06-09,0.11840448456214007,0.013795792021598467
2020-06-10,0.14269295169548554,0.022302518270260203
2020-06-11,0.11119742158494023,0.017269468882372102
2020-06-12,0.18910443889395576,0.034707675836708085
2020-06-15,0.17848465453436785,0.04285947027882511
2020-06-16,0.22283160268698363,0.03907741004515198
2020-06-17,0.20571938258194547,0.02333822091886608
2020-06-18,0.2251373831037882,0.022488712004841035
2020-06-19,0.24792509755181352,0.021871945259042035
2020-06-22,0.21457006957354202,0.01116580552064423
2020-06-23,0.18001634038567707,-0.012888097565516921
2020-06-24,0.15361543365555286,-0.0070288134804263845
2020-06-25,0.15594289095962677,-0.014325280454312712
2020-06-26,0.14623228948684103,-0.007354652515942841
2020-06-29,0.16945384611368028,-0.009327142391658522
2020-06-30,0.20453253132359353,-0.01824116743471582
2020-07-01,0.1904963284560288,-0.016658520690778757
2020-07-02,0.22092446266265006,-0.012445887445887446
2020-07-06,0.1737474714287836,-0.017083275147791274
2020-07-07,0.17649278088927675,-0.017787320206675044
2020-07-08,0.14522773375026518,-0.011776753712237584
2020-07-09,0.14030172816282738,-0.009140948657077692
2020-07-10,0.14449914785991325,-0.0183982683982684
2020-07-13,0.1396320495652318,-0.023646604291765582
2020-07-14,0.17379466132888144,-0.016001024065540197
2020-07-15,0.16793330601940826,-0.014371828887957922
2020-07-16,0.1348104324644079,-0.011602197086068055
2020-07-17,0.1644896490253803,-0.009408602150537636
2020-07-20,0.20721406727525848,-0.015698459246846343
2020-07-21,0.1882892668279101,-0.015454079970209004
2020-07-22,0.17486100692587145,-0.021359912488944748
2020-07-23,0.16006661254629323,-0.02245380067960713
2020-07-24,0.14438913380184581,-0.0201787459851976
2020-07-27,0.14060883396452506,-0.025397989107666524
2020-07-28,0.133692815504931,-0.024851045012335336
2020-07-29,0.1334440060722821,-0.025764558022622536
2020-07-30,0.1622679787059857,-0.02895312572731927
2020-07-31,0.1600694348109986,-0.03798352185448959
2020-08-03,0.16031153108026694,-0.04814853605176186
2020-08-04,0.17884109104523593,-0.05042940930037704
2020-08-05,0.17320284199763572,-0.054234743750872776
2020-08-06,0.165394458741382,-0.05246008471814923
2020-08-07,0.18170019982285668,-0.04091025461993203
2020-08-10,0.21804807410210073,-0.026014755853465528
2020-08-11,0.2523205890592096,-0.02955825536470697
2020-08-12,0.22858710659267778,-0.03151910813201135
2020-08-13,0.22186953256231642,-0.03663943583298421
2020-08-14,0.19142885515849495,-0.0290927710282549
2020-08-17,0.20117439408285356,-0.025287436577759153
2020-08-18,0.17092696655931838,-0.03219406041986687
2020-08-19,0.1743213792031467,-0.033142484755387974
2020-08-20,0.17709182111084903,-0.0395254387189871
2020-08-21,0.17044109852313238,-0.0276439510310478
2020-08-24,0.14815220090265757,-0.025590001396453003
2020-08-25,0.16323283572781372,-0.023006563329143966
2020-08-26,0.16743864478882384,-0.01273681515616999
2020-08-27,0.1712433145409909,-0.01563445515058418
2020-08-28,0.14734883985061012,-0.015000232742168223
2020-08-31,0.13957037460888508,-0.004061350835544381
2020-09-01,0.1676996025084233,-0.00042475445701251985
2020-09-02,0.0941977618262325,0.0011287995158962918
2020-09-03,0.07767406825231866,0.005661453242098404
2020-09-04,0.05194493069480074,0.00013964530093562514
2020-09-08,0.07706640582672136,-0.0010706139738397781
2020-09-09,0.13872955984136576,-0.009036214681375967
2020-09-10,0.1311806947705542,-0.01208513708513708
2020-09-11,0.13575455930102825,-0.020114741888935434
2020-09-14,0.12280182711923149,-0.015203882139366007
2020-09-15,0.1169306547314299,-0.003822790113112693
2020-09-16,0.10573552324752475,0.0032351161383419457
2020-09-17,0.09669910234549017,-0.0013208118046827704
2020-09-18,0.06899064577896417,0.0017048363822557392
2020-09-21,0.07356031127603477,0.0004714703464136007
2020-09-22,0.07455460526894991,0.012038756107247748
2020-09-23,0.06216505504734863,0.0049924869642044125
2020-09-24,0.14479061833383722,0.018508988383931637
2020-09-25,0.14412388077753907,0.02024873609142128
2020-09-28,0.11423996233991374,0.012515877552111131
2020-09-29,0.12032707519675609,0.01031646406237506
2020-09-30,0.11323965429512657,0.005085583831494831
2020-10-01,0.09124470350236649,0.01191074791472343
2020-10-02,0.12606405317318095,0.009216757317507027
2020-10-05,0.09978295745317906,0.008739635872643646
2020-10-06,0.1270491036798161,0.008629083342736278
2020-10-07,0.10954478538557279,0.0030898197389565467
2020-10-08,0.12506608409407838,0.010514294905367195
2020-10-09,0.12590820500136823,0.005324144553926523
2020-10-12,0.10310781368407763,0.009722971533398662
2020-10-13,0.10040579581257626,0.012527514660522435
2020-10-14,0.10040505126767572,0.004724833470744471
2020-10-15,0.09331229568643494,-0.0013322814573381986
2020-10-16,0.0540465855272719,0.005871088649257714
2020-10-19,0.052622269971629276,0.0009369546828656842
2020-10-20,0.07036755699301343,0.00661586358758104
2020-10-21,0.0819924105542594,0.004195345038030232
2020-10-22,0.0786085407862991,0.006237657564213726
2020-10-23,0.051841167233661924,0.001879560464181143
2020-10-26,0.022461704944793468,0.0020657541987619747
2020-10-27,-0.017432197163000377,0.005231047686636106
2020-10-28,0.0015796879768146567,0.01137544092780354
2020-10-29,-0.014867931712061355,0.017647842361495292
2020-10-30,-0.0016180075967354118,0.02380969126527968
2020-11-02,0.0009000496433463342,0.023169650302658076
2020-11-03,-0.005086613230113343,0.02724263824661376
2020-11-04,0.009349344180840975,0.018695182118512475
2020-11-05,-0.011343493194364108,0.014936396101661942
2020-11-06,-0.004870195540503067,0.0037996833520459656
2020-11-09,-0.02241022908220499,0.0019726573314715577
2020-11-10,-0.004562956448072897,0.002717432269794884
2020-11-11,-0.01430331425230598,-0.007593045782618652
2020-11-12,-0.001364179719931102,-0.003293134224642578
2020-11-13,0.010579912760054204,-0.0159077597424939
2020-11-16,0.01204634941902633,-0.017001647933156287
2020-11-17,0.008229935608069505,-0.018677391544383765
2020-11-18,0.00667284115091037,-0.0179966207023226
2020-11-19,-0.019126687959741394,-0.027824158755667107
2020-11-20,-0.010534181805375324,-0.030902173930456474
2020-11-23,0.0029442600596674864,-0.02546764430237846
2020-11-24,0.0005277896262607384,-0.028842405741656026
2020-11-25,-0.00614737005090727,-0.032630284529534814
2020-11-27,-0.003807320564244843,-0.04056679246604275
2020-11-30,-0.009145219898895931,-0.04258583077540364
2020-12-01,-0.02571300914151309,-0.030651976099613485
2020-12-02,0.013342397068287819,-0.030547242123911765
2020-12-03,0.030745768750403527,-0.027672876346320183
2020-12-04,0.06047748482020271,-0.02823727610426833
2020-12-07,0.0395064681049574,-0.029994479474374926
2020-12-08,0.05678876745572389,-0.020545147444397734
2020-12-09,0.05220793407750324,-0.018310822629427757
2020-12-10,0.039081285621534886,-0.024187562377135246
2020-12-11,0.016146231212802013,-0.03658690138937749
2020-12-14,0.045921176397538066,-0.03528354524731166
2020-12-15,0.05939106736981802,-0.038931778734254824
2020-12-16,0.08222085177966518,-0.03631342934171188
2020-12-17,0.08824212757405227,-0.03847793150621406
2020-12-18,0.08989515399846192,-0.03609831029185867
2020-12-21,0.11427416329282848,-0.041102266908718516
2020-12-22,0.1157207728858963,-0.03552809197970488
2020-12-23,0.09507032621287431,-0.045664013405948875
2020-12-24,0.083443852975,-0.042778010519945994
2020-12-28,0.09044395055866566,-0.034178187403993844
2020-12-29,0.07891459747012952,-0.03540590234138621
2020-12-30,0.08908707196939641,-0.033026113671274955
2020-12-31,0.06666275999830688,-0.04398245124051575
2021-01-04,0.06130662390160258,-0.03087906716938974
2021-01-05,0.09183048839230344,-0.029732811990876497
2021-01-06,0.09420215861403497,-0.018398268398268396
2021-01-07,0.07969767176965735,-0.020376576828189726
2021-01-08,0.07757410499637275,-0.013539775636549827
2021-01-11,0.06680489830198043,-0.0019375785504817731
2021-01-12,0.07784612351297314,0.00011055252990737116
2021-01-13,0.0895196860584814,-0.00507377926732765
2021-01-14,0.06392415534910889,0.0027929060187124734
2021-01-15,0.06264719202463376,0.012317879253363126
2021-01-19,0.10364381452147504,0.0127600893729926
2021-01-20,0.09725867714584516,0.014587115393567008
2021-01-21,0.08926808844603605,0.01346995298608202
2021-01-22,0.08143510372351875,0.010822510822510824
2021-01-25,0.0788665557895314,0.0007913233719685352
2021-01-26,0.05707661118281422,-0.0005643997579481432
2021-01-27,0.08735766345309924,0.0057196387841549155
2021-01-28,0.12576814563341734,0.0022343248149699797
2021-01-29,0.1214908545021951,0.0016466508401992298
2021-02-01,0.1695644908027572,0.007500116371084115
2021-02-02,0.16216172755274086,0.0009949727691663203
2021-02-03,0.15702627876309916,5.8185542056538386e-06
2021-02-04,0.17207454694735955,0.002373970115905602
2021-02-05,0.1651570990723557,0.008093608900060514
2021-02-08,0.1671768382860826,0.008844202392589491
2021-02-09,0.16070120097206944,0.015395894428152493
2021-02-10,0.1689633004528821,0.023070567425406134
2021-02-11,0.1524804256520404,0.019719080202951173
2021-02-12,0.1631531595562688,0.021755574174929012
2021-02-16,0.14824921191186188,0.010822510822510827
2021-02-17,0.1321633515577832,0.01987618116650375
2021-02-18,0.1299108814312677,0.021813759716985525
2021-02-19,0.13732216954380547,0.019445608155285576
2021-02-22,0.13133347257723818,0.023588418749709072
2021-02-23,0.15033728090321166,0.026491877298328914
2021-02-24,0.09269405010624632,0.02418191127868547
2021-02-25,0.05630455978305121,0.025787832239445144
2021-02-26,0.094922612530086,0.029052041148815346
2021-03-01,0.08062398172702291,0.032764278732020674
2021-03-02,0.08823686280408082,0.044482846902201736
2021-03-03,0.05657729381727811,0.04555346087604153
2021-03-04,0.07833809054398347,0.035731741376902666
2021-03-05,0.08811547645305293,0.03737257366289625
2021-03-08,0.07611805662063015,0.02541544477028348
2021-03-09,0.10641890785219056,0.02784178187403994
2021-03-10,0.10432759315152174,0.0225178047758693
2021-03-11,0.12133984617050672,0.009193315644928554
2021-03-12,0.12216857083374547,-0.00034329469813340136
2021-03-15,0.10460451328732252,-0.006109481915933522
2021-03-16,0.13086235477349825,0.006243308662663508
2021-03-17,0.10223241600143847,0.005411255411255419
2021-03-18,0.09597824071768767,0.000896057347670258
2021-03-19,0.0930123650188574,-0.0018910301168365614
2021-03-22,0.09532095499927813,-0.005341432760787592
2021-03-23,0.08041711177710542,-0.007977237815947487
2021-03-24,0.11044524013116686,0.0020772238514174058
2021-03-25,0.11786352030648148,-0.005405436857049753
2021-03-26,0.11608957280084112,-0.00235069589908299
2021-03-29,0.10153825469821354,-0.0030489224037611074
2021-03-30,0.1050732183724346,-0.00722082576921286
2021-03-31,0.1193570175847024,-0.0046024763766699195
2021-04-01,0.12551018778771195,-0.0006924079504724614
2021-04-05,0.14473654903537816,0.0003083833728995069
2021-04-06,0.13596532923627436,-0.0023448773448773385
2021-04-07,0.12582030087711946,-0.008425266489782611
2021-04-08,0.11388395343103579,-0.011683656844947161
2021-04-09,0.11511332869588357,-0.004899222641158117
2021-04-12,0.10193447416906574,-0.01732183587022296
2021-04-13,0.10691636855863411,-0.01465111948982916
2021-04-14,0.11370074440606302,-0.019591072010426844
2021-04-15,0.1282130355123868,-0.01511078527207559
2021-04-16,0.155032432952868,-0.017310198761811658
2021-04-19,0.1460878277708783,-0.02149373923567471
2021-04-20,0.14685555678667903,-0.022401433691756262
2021-04-21,0.1259104432009348,-0.024583391518875383
2021-04-22,0.15457024254640342,-0.01900339803565609
2021-04-23,0.15471515756610663,-0.011922217567378851
2021-04-26,0.15596906908536934,-0.0055043522785458215
2021-04-27,0.23428184497996798,-0.004689754689754684
2021-04-28,0.2320858806919197,-0.011491644556160679
2021-04-29,0.2652765937775536,-0.0052425173392915275
2021-04-30,0.2533566958269423,-0.010659591304752589
2021-05-03,0.2094291900903708,-0.027195922357212673
2021-05-04,0.19582129615727156,-0.0317983987338826
2021-05-05,0.1960630442393267,-0.03363706186286831
2021-05-06,0.19318797196846804,-0.03592957221989479
2021-05-07,0.1519766180094789,-0.03882139366010333
2021-05-10,0.13693502075307099,-0.03565610017222919
2021-05-11,0.08589013031346993,-0.04418028208350789
2021-05-12,0.10715194806772645,-0.04833472978634268
2021-05-13,0.13878771817089877,-0.039490527393753194
2021-05-14,0.14344715200076041,-0.03310757343015407
2021-05-17,0.1282001351100973,-0.02706791416468835
2021-05-18,0.12548415628809595,-0.026474421635711953
2021-05-19,0.14487763703017614,-0.0320835078899595
2021-05-20,0.15197254035714156,-0.020661685984266622
2021-05-21,0.16283639825055304,-0.02397244332728203
2021-05-24,0.14350028338491,-0.027632313922636497
2021-05-25,0.20356264549341335,-0.01935251128799515
2021-05-26,0.22075146184322986,-0.019847088395475488
2021-05-27,0.19009407289354993,-0.030227389098356837
2021-05-28,0.2167698060030737,-0.022447982125401476
2021-06-01,0.22642294736096524,-0.02692245030954708
2021-06-02,0.2513832435613861,-0.019113950565563465
2021-06-03,0.23150236394552928,-0.021994134897360698
2021-06-04,0.21401807562118436,-0.027387934645999153
2021-06-07,0.21420729761390772,-0.024222641158125027
2021-06-08,0.17229871589929163,-0.027835963319834282
2021-06-09,0.169743665287791,-0.02093515803193222
2021-06-10,0.15804794622576762,-0.012859004794488663
2021-06-11,0.153273822013712,-0.004014802401899174
2021-06-14,0.1565419620169926,0.007203370106595914
2021-06-15,0.12632139010458107,0.00154191686449751
2021-06-16,0.10880213887170355,-0.006126937578550482
2021-06-17,0.07403743242973287,-0.00010473397570171781
2021-06-18,0.10974241338088586,0.002403062886933855
2021-06-21,0.1381141809871022,0.006906623842107714
2021-06-22,0.14360765159538844,0.011602197086068054
2021-06-23,0.1413540213300346,0.014755853465530886
2021-06-24,0.13063050894329464,0.015454079970209002
2021-06-25,0.13597418051746996,0.013871433226271936
2021-06-28,0.13486513150870771,0.005451985290694969
2021-06-29,0.1413423143540062,0.006918260950519016
2021-06-30,0.13825008006488973,0.011026160219708607
2021-07-01,0.12972363102625437,0.013138295396359913
2021-07-02,0.12948253702303028,0.02220942140296979
2021-07-06,0.12512734235706388,0.016216310571149282
2021-07-07,0.1090526954952009,0.022622538751571008
2021-07-08,0.11436842941652299,0.014819857561793047
2021-07-09,0.12413651238286659,0.013016105758041243
2021-07-12,0.1314063255022582,0.023634967183354276
2021-07-13,0.11965370731587201,0.012428431783270494
2021-07-14,0.10215473822547128,0.0086056416701578
2021-07-15,0.053981699991600074,0.00036656891495601406
2021-07-16,0.023539739388602945,-0.0024088814411395037
2021-07-19,0.06286249510727926,-0.002158683610296511
2021-07-20,0.06850349625679109,0.004457012521528652
2021-07-21,0.10122121919753722,0.012463343108504398
2021-07-22,0.09721138436048779,0.010799236605688219
2021-07-23,0.10694307383026008,0.01224805660289531
2021-07-26,0.0950892298206157,0.0016582879486105278
2021-07-27,0.09918111677090878,0.0008553274682306933
2021-07-28,0.08016591680367531,-0.0067786156495833905
2021-07-29,0.08648973627079115,-0.0006284038542103061
2021-07-30,0.07766234563438013,0.007663035888842339
2021-08-02,0.1073103506636464,0.016542149606665734
2021-08-03,0.09655212703257915,0.03101871247032537
2021-08-04,0.08639214471962484,0.029785178978727365
2021-08-05,0.06846924951225772,0.0219824977889494
2021-08-06,0.08208310122754915,0.018514639482381415
2021-08-09,0.1092079942555639,0.012253875157100962
2021-08-10,0.16540256158891972,0.023925894893636824
2021-08-11,0.14523450990011827,0.02381534236372946
2021-08-12,0.12000114094143792,0.02745193874226132
2021-08-13,0.12180130541500635,0.030972164036680166
2021-08-16,0.13168994037589335,0.028999674160964477
2021-08-17,0.10998694869002165,0.027707955127309964
2021-08-18,0.08322715271106183,0.029680445003025642
2021-08-19,0.10172050988676036,0.020731508634734438
2021-08-20,0.11503184696639257,0.031373644276870075
2021-08-23,0.12461463196043773,0.03846646185355863
2021-08-24,0.12492573730997575,0.041457198715263224
2021-08-25,0.10107736438930437,0.032391891262859004
2021-08-26,0.11726602902696798,0.039257785225527156
2021-08-27,0.09838522203233244,0.027905785970302098
2021-08-30,0.0796724453948928,0.02529907368617046
2021-08-31,0.0710470901009212,0.014598752501978307
2021-09-01,0.07645239683383458,0.024851045012335333
2021-09-02,0.08346569026955838,0.027190103803007026
2021-09-03,0.07442881695783397,0.034474933668482054
2021-09-07,0.07717677453557019,0.03122236186752315
2021-09-08,0.07022247212698494,0.03161802355350742
2021-09-09,0.05051962567986485,0.030070288134804262
2021-09-10,0.06884440606689539,0.0321184192151934
2021-09-13,0.0677897723538222,0.03638923800214123
2021-09-14,0.1015773613143483,0.030605595121724147
2021-09-15,0.12105225383973,0.039059954382535025
2021-09-16,0.1473656685642983,0.03949634594795885
2021-09-17,0.07250934656691294,0.04153283991993669
2021-09-20,0.055705617397304286,0.0431329423264907
2021-09-21,0.08099783272615982,0.03926942233393846
2021-09-22,0.08531592674477016,0.03800097751710654
2021-09-23,0.07136554386184504,0.04203905413582832
2021-09-24,0.07878650526034241,0.04831145556952007
2021-09-27,0.04483172641288829,0.04914932737513382
2021-09-28,0.04021739677078266,0.04396499557789879
2021-09-29,-0.0011747637688675457,0.04432574593864916
2021-09-30,0.006379471726520948,0.03457966764418376
2021-10-01,-0.017308292443080835,0.02564818693850951
2021-10-04,-0.0030974533388981014,0.0231811199553135
2021-10-05,0.01807253879564075,0.01981799562444723
2021-10-06,0.014122834661447611,0.026776986454405804
2021-10-07,0.0013589155184482503,0.02254107899269189
2021-10-08,-0.007837096064772696,0.016216310571149275
2021-10-11,-0.016090631875218475,0.01854373225340967
2021-10-12,-0.005510462767127316,0.01410417539449797
2021-10-13,0.0522367712031657,0.013411767444025505
2021-10-14,0.11063930949665111,0.014226365032816645
2021-10-15,0.08403067025174134,0.009821719499138853
2021-10-18,0.07484591900806702,0.00618512312060699
2021-10-19,0.07526836951365422,0.0023448773448773437
2021-10-20,0.04323241914716572,-0.008914025043057302
2021-10-21,0.04074935029058472,-0.011689475399152816
2021-10-22,0.050437447686559674,-0.007459386491644557
2021-10-25,0.04732259286128453,-0.006656426011264721
2021-10-26,0.030086161204148018,-0.004590839268258624
2021-10-27,0.060622506900355394,-0.010246473956151376
2021-10-28,0.06793684539779851,-0.012760089372992597
2021-10-29,0.05265116517144399,-0.01188730624214495
2021-11-01,0.06603933487044493,-0.023204394172136107
2021-11-02,0.0575439714177325,-0.017228739002932553
2021-11-03,0.07484878733987019,-0.014872224549643901
2021-11-04,0.09953070403811284,-0.011608015640273705
2021-11-05,0.10396975977673859,-0.004788670111250757
2021-11-08,0.09806323518816713,-0.009135130102872039
2021-11-09,0.0819818002540301,-0.0064527766140669365
2021-11-10,0.0749298454288777,-0.0037238746916166262
2021-11-11,0.08311273911988275,-0.001809570357957453
2021-11-12,0.09088637432106914,-0.004183540473863053
2021-11-15,0.1308274884496205,0.00026765349345994486
2021-11-16,0.13346786652169942,0.0010240655401945725
2021-11-17,0.13342449582734914,0.006161848903784387
2021-11-18,0.1025880104660133,0.0009658799981380614
2021-11-19,0.10725142711509021,-0.006004747940231811
2021-11-22,0.11084815444694313,-0.01383652190103803
2021-11-23,0.14175501884029917,-0.009821719499138857
2021-11-24,0.07038499346915601,-0.01794442117022762
2021-11-26,0.09215325636230283,-0.015506446958059864
2021-11-29,0.0620469802263638,-0.014144905273937532
2021-11-30,0.058988643148771266,-0.006801889866405997
2021-12-01,0.06765568266218103,-0.012690266722524787
2021-12-02,0.06322889069191025,-0.02152865056090863
2021-12-03,0.09072490412959971,-0.024088814411395057
2021-12-06,0.1266703985213008,-0.012463343108504396
2021-12-07,0.12943223315928026,-0.02379206814690685
2021-12-08,0.14099110789776256,-0.02167993297025555
2021-12-09,0.15262116190627423,-0.020766419959968346
2021-12-10,0.15142147045722762,-0.02681189777963971
2021-12-13,0.12375417267332835,-0.02895312572731927
2021-12-14,0.16139855906356654,-0.027614858260019547
2021-12-15,0.16823462128737157,-0.030751058976865427
2021-12-16,0.16477325205856627,-0.029796816087138665
2021-12-17,0.1449836190221312,-0.02787669319927384
2021-12-20,0.15046297632615638,-0.03066378066378066
2021-12-21,0.14682089941936868,-0.03585393101522133
2021-12-22,0.1510334502819886,-0.04416282642089093
2021-12-23,0.16362181919614982,-0.0454836382255737
2021-12-27,0.19193547677145525,-0.05131964809384164
2021-12-28,0.191080138584462,-0.04259181678536516
2021-12-29,0.21583855688780162,-0.044715589070427775
2021-12-30,0.19784292184644922,-0.039577805706837964
2021-12-31,0.23807088408443003,-0.035760834147930916
2022-01-03,0.2400343689226048,-0.030367034399292458
2022-01-04,0.2009388782792822,-0.03217078620304426
2022-01-05,0.18497919428989665,-0.02762649536843085
2022-01-06,0.19282415648906062,-0.019777265745007676
2022-01-07,0.20399086962252402,-0.01718219056928734
2022-01-10,0.22137975275105948,-0.015826467439370665
2022-01-11,0.22275193202466742,-0.006115300470139178
2022-01-12,0.18088823514943414,-0.004171903365451752
2022-01-13,0.1545137837092808,-0.004224270353302611
2022-01-14,0.11791851285825647,-0.0001629195177582273
2022-01-18,0.08709666954875439,-0.0017513848159009444
2022-01-19,0.057962010226352396,-0.0061909416748126425
2022-01-20,0.04000790028326046,-0.0015128240934692548
2022-01-21,0.038719425959495804,-0.0037646045710561836
2022-01-24,0.025878283083863,0.00020946795140343538
2022-01-25,0.01769587345339931,0.0072033701065959115
2022-01-26,0.0228033311939371,0.008273984080435691
2022-01-27,0.03972638925505677,0.005428711073872363
2022-01-28,0.06927322745978975,0.007476842154261507
2022-01-31,0.0912393494042331,0.0077095843224875464
2022-02-01,0.10206971101310996,0.011875669133733646
2022-02-02,0.04098094973945184,0.006563329143974303
2022-02-03,0.044014480207867225,0.014173998044965783
2022-02-04,0.025464369595427843,0.01867174044593399
2022-02-07,0.022226221763221816,0.010135921426244004
2022-02-08,0.041003347523177226,0.0059232881813526955
2022-02-09,0.03511700651520344,0.011351999255225056
2022-02-10,0.021351330351636385,0.007889959502862724
2022-02-11,0.0008547286038289092,-6.982265046781566e-05
2022-02-14,0.00997079197876755,-0.006144393241167438
2022-02-15,0.006401161591643615,-0.0047712144486338065
2022-02-16,-0.013626258422510952,0.0003840245775729617
2022-02-17,-0.03659856697087944,-0.0038577014383466023
2022-02-18,-0.04549492541389644,-0.00901294046455337
2022-02-22,-0.06752421455739055,-0.002787087464506823
2022-02-23,-0.06750376209893068,-0.004718847460782947
2022-02-24,-0.03544203264945068,-0.004090443606572642
2022-02-25,-0.014013370232613431,-0.0040148024018991785
2022-02-28,-0.045289344339688294,-0.006109481915933532
2022-03-01,0.0076552095046473045,-0.0037820602336731397
2022-03-02,0.010960352680113465,-0.009647162872969328
2022-03-03,-0.015282778675453816,-0.011130894195410327
2022-03-04,-0.035576366865748665,-0.010595587208490437
2022-03-07,-0.06366189615680301,-0.004969045291625941
2022-03-08,-0.06254178363870368,-0.006289857096308714
2022-03-09,-0.06172263369887794,-0.0007913233719685397
2022-03-10,-0.07393003779035509,0.0002967462644881935
2022-03-11,-0.11170032159799673,-0.00656332914397431
2022-03-14,-0.07464673223850742,-0.004451193967323005
2022-03-15,-0.030540446915611856,-0.003502769631801895
2022-03-16,-0.039826811174051506,-0.010345389377647446
2022-03-17,-0.019549634351844664,-0.0008960573476702553
2022-03-18,-0.0024175325021283402,0.0025252525252525203
2022-03-21,0.021068010305747065,0.001541916864497505
2022-03-22,-0.010282163824931446,0.009268956849602007
2022-03-23,-0.011522129516997744,0.003543499511241442
2022-03-24,-0.012786481585065814,0.003688963366382716
2022-03-25,-0.02425580403540374,0.008983847693525107
2022-03-28,-0.010173093650465117,0.0142903691290788
2022-03-29,-0.006096249877556046,0.01686798864218218
2022-03-30,-0.02421952935484424,0.02124354140483172
2022-03-31,-0.016747689153643167,0.025322347902993057
2022-04-01,-0.017834439207285908,0.024309919471209786
2022-04-04,-0.041201865196935035,0.02170320718707815
2022-04-05,-0.02641703807806717,0.0226109016431597
2022-04-06,-0.02067290944730042,0.01082832937671647
2022-04-07,-0.024914496287264123,0.007500116371084108
2022-04-08,-0.04517876993265278,0.005760368663594465
2022-04-11,-0.06075460405128919,0.0008902387934645956
2022-04-12,-0.05142914898911629,-0.001064795419634134
2022-04-13,-0.05898004973953879,-0.002600893729925992
2022-04-14,-0.048824993672732846,-0.0005294884327142432
2022-04-18,-0.0007244106466012996,0.001931759996276121
2022-04-19,0.00888408609521431,0.0020248568635665366
2022-04-20,-0.005155838295140034,0.006446958059861281
2022-04-21,-0.02228736186272786,0.012172415398221845
2022-04-22,-0.020477819949055544,0.015739189126285896
2022-04-25,-0.04095235441803548,0.02183703393380812
2022-04-26,-0.037423407890291485,0.014779127682353482
2022-04-27,-0.003809152098552183,0.020295117069310614
2022-04-28,-0.06918734837270996,0.017630219243122462
2022-04-29,-0.08040323004798781,0.016489782618814872
2022-05-02,-0.09183419014503252,0.012847367686077358
2022-05-03,-0.06288824713310451,0.013824884792626725
2022-05-04,-0.0680640625629245,0.01642577852255271
2022-05-05,-0.08275879343400072,0.01540753153656379
2022-05-06,-0.10906968203418466,0.003025648186938505
2022-05-09,-0.1210726359873772,0.005643997579481446
2022-05-10,-0.14339965554265915,0.006185123120606987
2022-05-11,-0.13559786751109382,0.005323977098170643
2022-05-12,-0.09451904644707966,0.01135781780943071
2022-05-13,-0.09512100659588327,0.003985709630870918
2022-05-16,-0.070000967406453,0.015570451054322015
2022-05-17,-0.11116668394565174,0.006935716613135962
2022-05-18,-0.10099790083198826,0.0056730903505097
2022-05-19,-0.09720644094122424,0.0022110505981473676
2022-05-20,-0.06497228890487051,0.003508588186007537
2022-05-23,-0.05765466859034318,-0.005411255411255414
2022-05-24,-0.053083624705954534,-0.0031652934878741356
2022-05-25,-0.054873961476598045,0.007174277335567653
2022-05-26,-0.02640749280170744,0.017577852255271604
2022-05-27,-0.015113234448806141,0.02248289345063538
2022-05-31,-0.03655117390079002,0.021662477307638595
2022-06-01,-0.011323041060650381,0.02633477633477633
2022-06-02,-0.016357863044148498,0.029342968859097884
2022-06-03,0.002804710794725159,0.03394544523576781
2022-06-06,0.019721012077326596,0.029139319461900105
2022-06-07,-0.005457513158880874,0.028924032956291017
2022-06-08,-0.026795314377224544,0.033829074151654794
2022-06-09,-0.04124468123361731,0.0350858818600754
2022-06-10,-0.06619660111611526,0.03517897872736583
2022-06-13,-0.086810276543739,0.03149583391518875
2022-06-14,-0.09512375097946964,0.036534701857282505
2022-06-15,-0.12270564992995943,0.03752967462644881
2022-06-16,-0.1398181300550788,0.026957361634780984
2022-06-17,-0.11323933744663905,0.02614276404598985
2022-06-21,-0.12416091559626423,0.025293255131964808
2022-06-22,-0.11790103267386587,0.01956779779360424
2022-06-23,-0.09226061985667242,0.022017409114183307
2022-06-24,-0.09631730147318932,0.03200786668528603
2022-06-27,-0.11399806159746358,0.029214960666573565
2022-06-28,-0.11814494072106592,0.03273518596099241
2022-06-29,-0.1241997972319433,0.030023739701159055
2022-06-30,-0.10170292091629642,0.022698179956244468
2022-07-01,-0.1065550834897253,0.015523902620676815
2022-07-05,-0.10830434527642421,0.020940976586137874
2022-07-06,-0.08639412447882104,0.022599264534748403
2022-07-07,-0.08661308920830603,0.024903412000186188
2022-07-08,-0.10126750356450015,0.033317041381557506
2022-07-11,-0.10786427649716347,0.02544453754131173
2022-07-12,-0.09680979934990808,0.026468603081506305
2022-07-13,-0.09724185434767808,0.03459130475259507
2022-07-14,-0.0793315783145016,0.02656169994879672
2022-07-15,-0.0710315509789075,0.0270504585020714
2022-07-18,-0.05496579900331386,0.02628240934692547
2022-07-19,-0.07009117038704607,0.016507238281431823
2022-07-20,-0.06244342650776872,0.020289298515104963
2022-07-21,-0.0525764169445464,0.017519666713215098
2022-07-22,-0.027399357958118226,0.008722012754270819
2022-07-25,-0.04649248307336959,0.010333752269236138
2022-07-26,-0.008756681076353143,0.0010938881906623842
2022-07-27,0.002222671137681388,0.004259181678536517
2022-07-28,-0.007296267362611104,-0.0018793930084252662
2022-07-29,0.029406708737062165,0.0059931108318205095
2022-08-01,0.009088779629217445,0.00457920215984732
2022-08-02,0.01823017713264635,0.010717776846809102
2022-08-03,-0.016713230978167914,0.008349625285109154
2022-08-04,0.020594149049544402,0.010473397570171761
2022-08-05,0.0236702953099745,0.005527626495368429
2022-08-08,0.05386217125081411,0.01563445515058418
2022-08-09,0.0773511951583689,0.018340082856211887
2022-08-10,0.0855639400491397,0.024123725736628958
2022-08-11,0.10403107167852503,0.025741283805799934
2022-08-12,0.08076171177043666,0.019329237071172553
2022-08-15,0.09437905631795984,0.02893567006470232
2022-08-16,0.06224199283018679,0.025974025974025972
2022-08-17,0.12194236326588083,0.032711911744169805
2022-08-18,0.11257174820542698,0.02784760042824559
2022-08-19,0.08847519135238223,0.024693944048782758
2022-08-22,0.06505417480514697,0.03119908765070055
2022-08-23,0.07416844466748851,0.038897034864776796
2022-08-24,0.07835842715709855,0.03875157100963552
2022-08-25,0.01545139267780795,0.017513848159009446
2022-08-26,-0.016732584986235834,0.007185914443978961
2022-08-29,-0.027805315445539564,0.002106316622445656
2022-08-30,-0.03288610749051081,0.0019259414420704755
2022-08-31,-0.05555673927586019,-0.0007796862635572306
2022-09-01,-0.05186856730331872,-0.006225853000046547
2022-09-02,-0.060656447022689075,-0.00577200577200577
2022-09-06,-0.05213866803335387,-0.010159195643066608
2022-09-07,-0.030742090221254736,-0.006493506493506493
2022-09-08,0.009097987642780306,-0.011392729134664619
2022-09-09,0.049450468692402876,-0.014336917562724014
2022-09-12,0.045033793973945316,-0.009722804077642788
2022-09-13,0.05262564086027536,-0.007761951310338408
2022-09-14,0.01743382394650901,-0.01086324070195038
2022-09-15,0.03775222130412822,-0.0022285062607643267
2022-09-16,0.05649765232436063,-0.0032176604757249935
2022-09-19,0.018594999519673756,-0.007837592515011873
2022-09-20,0.01065832616952872,-0.005550900712191037
2022-09-21,0.0038047255293677494,-0.0006982265046781214
2022-09-22,-0.05974579370130258,-0.0010007913233719722
2022-09-23,-0.06920384194844857,-0.011770935158031934
2022-09-26,-0.05268952248832576,-0.018933575385188292
2022-09-27,-0.025629832711961873,-0.01726946888237211
2022-09-28,-0.04414828318318795,-0.022599264534748406
2022-09-29,-0.08082446253668414,-0.021260997067448682
2022-09-30,-0.04062206477419157,-0.018241167434715825
2022-10-03,0.0014770776613623282,-0.02368151561699949
2022-10-04,-0.023109693972602093,-0.025677279709537773
2022-10-05,-0.03512545421219155,-0.032153330540427315
2022-10-06,-0.043596372254251226,-0.028650560908625427
2022-10-07,-0.042966707141809654,-0.02250034911325234
2022-10-10,-0.039831600895304305,-0.01627449611320579
2022-10-11,-0.031713702669301874,-0.021906856584275942
2022-10-12,-0.03197282809622431,-0.016291951775822745
2022-10-13,-0.04670711959114552,-0.005661453242098407
2022-10-14,-0.03648375620179528,-0.0036075036075036105
2022-10-17,-0.027060792731260393,0.0032002048131080352
2022-10-18,-0.047711899879941684,-0.006865893962668159
2022-10-19,-0.041438205380043135,-0.004893404086952477
2022-10-20,-0.018122009828094976,0.00019201228878647843
2022-10-21,0.012897953236366099,-0.002810361681329427
2022-10-24,0.008673829862072711,-0.006022203602848769
2022-10-25,-0.016149310708843012,-0.002065586743006103
2022-10-26,-0.029058032528817737,0.0019492156588930725
2022-10-27,-0.010945639205603642,-0.0052017874598519805
2022-10-28,-0.010025813800350081,-0.0023739701159056037
2022-10-31,-0.029639142288876867,-0.003508588186007545
2022-11-01,-0.04351828725805068,-0.00645277661406694
2022-11-02,-0.05500140173930137,-0.012905553228133877
2022-11-03,-0.03333346893436824,-0.006540054927151705
2022-11-04,-0.02428798653530257,-0.007022994926220737
2022-11-07,-0.0389588107943642,-0.017176372015081695
2022-11-08,-0.05881337633742777,-0.023885165014197275
2022-11-09,-0.015919609097525603,-0.027405390308616117
2022-11-10,-0.0016292083328844848,-0.02862146813759717
2022-11-11,-0.012362318059098768,-0.030896522832006702
2022-11-14,0.0006428912611038376,-0.032962109575012805
2022-11-15,-0.008372470412830001,-0.03690708932644417
2022-11-16,0.0025331818489963158,-0.028417818740399385
2022-11-17,0.027419328741604524,-0.019544523576781644
2022-11-18,0.025916275651060614,-0.023227668388958712
2022-11-21,0.03871711048856362,-0.020382395382395387
2022-11-22,0.027810499992071167,-0.019643438998277713
2022-11-23,0.05760884283605429,-0.012730996601964348
2022-11-25,0.042187226499130134,-0.014040171298235819
2022-11-28,0.05510004290776277,-0.006441139505655642
2022-11-29,0.09243983871587683,-0.004951589629008991
2022-11-30,0.08818734733233201,-0.0019608527673043875
2022-12-01,0.09240640110019405,0.0008262346972024312
2022-12-02,0.0793579540195716,0.0011869850579527919
2022-12-05,0.054066732674798175,-0.00045384722804078396
2022-12-06,0.045324322292476404,-0.008023786249592707
2022-12-07,0.04105659732179335,-0.003997346739282231
2022-12-08,0.026231381588362714,-0.00488176697854118
2022-12-09,0.08114711422419586,-0.007610668900991489
2022-12-12,0.09082673136411623,-0.004189359028068712
2022-12-13,0.09874564506358002,-0.004084625052366996
2022-12-14,0.07215408820979419,-0.017455662616952944
2022-12-15,0.05381721184166631,-0.015407531536563802
2022-12-16,0.047709686796256735,-0.013429223106642468
2022-12-19,0.06398290575783247,-0.01645487129358098
2022-12-20,0.0872257872477346,-0.019876181166503755
2022-12-21,0.08759763816142238,-0.01967253176930597
2022-12-22,0.10219109500385852,-0.01136945491784202
2022-12-23,0.09652297458293374,-0.011229809616906398
2022-12-27,0.06484693841416232,-0.016786528883303082
2022-12-28,0.10149658206970744,-0.008070334683237914
2022-12-29,0.11775761743862345,-0.014453288646837039
2022-12-30,0.09479104100715029,-0.011398547688870275
2023-01-03,0.06560687324641912,-0.008291439743052654
2023-01-04,0.05541731088279932,-0.01404017129823582
2023-01-05,0.09025513937406796,-0.003613322161709265
2023-01-06,0.11336481133204321,-0.00864055299539171
2023-01-09,0.12555895820400803,-0.008797653958944288
2023-01-10,0.13865406098665117,-0.014848950332821305
2023-01-11,0.14652242190541095,-0.010159195643066617
2023-01-12,0.12507603843690734,-0.012422613229064846
2023-01-13,0.14520167248845592,-0.01645487129358098
2023-01-17,0.09736792172960572,-0.021441372247823866
2023-01-18,0.07808968802284381,-0.02295419634129312
2023-01-19,0.10489637230127768,-0.021755574174929022
2023-01-20,0.12043446942216328,-0.021191174416980874
2023-01-23,0.10158874056789598,-0.021912675138481594
2023-01-24,0.08171685318603604,-0.027591584043196952
2023-01-25,0.07626480314734056,-0.019137224782386077
2023-01-26,0.09124811081594951,-0.019655076106689012
2023-01-27,0.07297835232251806,-0.025723828143182987
2023-01-30,0.06337762998226668,-0.02117371875436392
2023-01-31,0.0846265500512168,-0.019707443094539874
2023-02-01,0.10844391233139464,-0.021517013452497326
2023-02-02,0.11372370011629147,-0.024455383326351072
2023-02-03,0.12242446115714622,-0.02646860308150631
2023-02-06,0.11083587238858927,-0.02826071777684681
2023-02-07,0.08183837598804852,-0.03812898570963087
2023-02-08,0.06632079893163473,-0.022488712004841042
2023-02-09,0.09212241420806223,-0.025240888144113953
2023-02-10,0.0480016116611254,-0.023879346459991624
2023-02-13,0.03086015247854858,-0.026922450309547083
2023-02-14,0.03857054345005545,-0.02559581995065866
2023-02-15,0.005756335416160745,-0.031041986687147978
2023-02-16,0.01062254909041832,-0.03449238933109901
2023-02-17,-0.012455208762758838,-0.04515779919005725
2023-02-21,-0.0224415476185408,-0.05113927291346646
2023-02-22,-0.006983214262029465,-0.0484045524368105
2023-02-23,-0.040120816054755426,-0.05696946422752874
2023-02-24,-0.041263282549111845,-0.05667271796304054
2023-02-27,-0.04334597011702124,-0.05014430014430014
2023-02-28,-0.029696604534968668,-0.047013917981659915
2023-03-01,-0.023443436460657125,-0.05093562351626867
2023-03-02,-0.04229575298169478,-0.05021412279476796
2023-03-03,-0.038369947196462646,-0.05620723362658846
2023-03-06,-0.05645795308587155,-0.05393799748638458
2023-03-07,-0.03195335354096788,-0.049376250989154206
2023-03-08,-0.0407468934544071,-0.03844900619094167
2023-03-09,-0.04985785781024485,-0.03066378066378066
2023-03-10,-0.06071754867732798,-0.03176930596285435
2023-03-13,-0.02496081732094034,-0.03329958571894055
2023-03-14,-0.050572611115047024,-0.0413175534143276
2023-03-15,-0.0460514941720813,-0.04333659172368849
2023-03-16,-0.05924725573463037,-0.04793906810035841
2023-03-17,-0.00975458483590211,-0.04223688497882046
2023-03-20,0.025690638451881468,-0.033904715356328254
2023-03-21,0.02673462184619107,-0.031193269096494898
2023-03-22,0.021895529490158126,-0.03108271656658753
2023-03-23,-0.005007093828523108,-0.037843876553553965
2023-03-24,0.02973785850660609,-0.03651142764045989
2023-03-27,0.022672491737530755,-0.04154447702834799
2023-03-28,0.0509917148770515,-0.03191476981799562
2023-03-29,0.07359962865110008,-0.031379462831075726
2023-03-30,0.06789260780195282,-0.0338872596937113
2023-03-31,0.08056539629882759,-0.027713773681515612
2023-04-03,0.06654700014925707,-0.022529441884280587
2023-04-04,0.051279114148284836,-0.027789414886189075
2023-04-05,0.0814818582705998,-0.016193036354326666
2023-04-06,0.05114164162265439,-0.027393753200204807
2023-04-10,0.051393351454899136,-0.03717474281990411
2023-04-11,0.03948847574604824,-0.039211236791881945
2023-04-12,0.04341880118088757,-0.03485895824605501
2023-04-13,0.0336192766653479,-0.03372434017595307
2023-04-14,0.03119861198746256,-0.033095936321742764
2023-04-17,0.03822921110042267,-0.031338732951636174
2023-04-18,0.06410590568820351,-0.03025066331517944
2023-04-19,0.06494613606242207,-0.032880649816133686
2023-04-20,0.045761934763488686,-0.025846017781501647
2023-04-21,0.03332829833266346,-0.028266536331052455
2023-04-24,0.007491001070157966,-0.02831308476469766
2023-04-25,0.009531728017711039,-0.023669878508588184
2023-04-26,0.025741011534486553,-0.02394916911045943
2023-04-27,0.03151810947822116,-0.028342177535725918
2023-04-28,0.054459673570640535,-0.02062095610482707
2023-05-01,0.015412046686131489,-0.025205976818880045
2023-05-02,-0.013480636823535352,-0.034195643066610805
2023-05-03,-0.06643388947727545,-0.040002560163850474
2023-05-04,-0.01505123268439324,-0.03295047246660149
2023-05-05,-0.009013857536566763,-0.019009216589861745
2023-05-08,-0.025435063539267305,-0.021115533212307403
2023-05-09,0.004941197305083353,-0.019503793697342082
2023-05-10,0.018137901578400485,-0.02693990597216403
2023-05-11,0.011870229143910496,-0.022581808872131452
2023-05-12,-0.0010856121278127369,-0.02181375971698552
2023-05-15,-0.013941715907135865,-0.017112367918819527
2023-05-16,0.012799413416515248,-0.01640832285993576
2023-05-17,0.056366760768154806,-0.007127728901922448
2023-05-18,0.05246932514005657,-0.004782851557045105
2023-05-19,0.09107705230331764,0.0023565144532886476
2023-05-22,0.08896118885266188,0.001093888190662385
2023-05-23,0.05755087313503305,-0.000791323371968533
2023-05-24,0.09824256073983154,0.0039100684261974585
2023-05-25,0.11367616374933791,0.0036424149327375127
2023-05-26,0.11911128670054402,0.005091234929944608
2023-05-30,0.13510464196764432,0.00789577805706838
2023-05-31,0.13664846110343742,0.010217381185123121
2023-06-01,0.12036346788699218,-0.0031012893916119695
2023-06-02,0.11560218918659043,0.0006749522878555157
2023-06-05,0.15524461366722392,-0.001425545780384488
2023-06-06,0.14862406752838267,0.0018561187916026653
2023-06-07,0.20413825895280524,-0.008431085043988266
2023-06-08,0.21535073970750365,-0.013452497323465061
2023-06-09,0.23066475360073838,-0.012056044314108826
2023-06-12,0.21645678262942045,-0.013493227202904617
2023-06-13,0.2295239045122843,-0.0028161802355350708
2023-06-14,0.22447924391725096,-4.072987943955418e-05
2023-06-15,0.25406182868138594,0.007581576129963228
2023-06-16,0.22116880147345055,0.010514127449611322
2023-06-20,0.19303075487459592,0.0014953684308523032
2023-06-21,0.22658719061726706,0.0007913233719685347
2023-06-22,0.20329943152176422,-0.002199413489736069
2023-06-23,0.1951701305040703,0.0015011869850579532
2023-06-26,0.19840405158568303,0.005033049387888098
2023-06-27,0.19186732712995236,0.0032933016803984544
2023-06-28,0.1893673905319998,0.0023623330074942976
2023-06-29,0.20318604932578127,0.001693199273844435
2023-06-30,0.1842645326076432,0.006918260950519014
2023-07-03,0.1715017102437662,0.006644788902853419
2023-07-05,0.15054508683260265,0.003019829632732859
2023-07-06,0.16022452674327078,0.006644788902853418
2023-07-07,0.14500775983871483,-0.0028801843317972347
2023-07-10,0.1617400775042489,-0.0015128240934692543
2023-07-11,0.18267173921105967,0.007802681189777963
2023-07-12,0.20730424376685658,0.011730205278592374
2023-07-13,0.19141592472192576,0.00910021877763813
2023-07-14,0.19583916801600526,0.008751105525299074
2023-07-17,0.2104857143619213,0.007953963599124888
2023-07-18,0.2080571414209878,0.0063829539635991235
2023-07-19,0.20979795957338845,0.006848438300051204
2023-07-20,0.21521499970505675,0.0021877763813247684
2023-07-21,0.22649880194778363,0.002560163850486431
2023-07-24,0.21547549248866235,0.010566494437462177
2023-07-25,0.2493539985217877,0.009827538053344504
2023-07-26,0.254087784556951,0.01152655588139459
2023-07-27,0.24183996883992415,0.019812177070241584
2023-07-28,0.24034013138090426,0.019241958758087787
2023-07-31,0.2431153479973219,0.020364939719778426
2023-08-01,0.23322985105635682,0.018398268398268393
2023-08-02,0.2501887092178462,0.01778732020667504
2023-08-03,0.2821974803233032,0.020167108876786296
2023-08-04,0.2717539056963391,0.023157845738490897
2023-08-07,0.2541301006933442,0.012096774193548385
2023-08-08,0.23690931783554978,0.00916422287390029
2023-08-09,0.22475279865958347,0.014616208164595261
2023-08-10,0.23907010185931327,0.020940976586137874
2023-08-11,0.25936555741330825,0.02114462598333566
2023-08-14,0.2194860771885411,0.017397477074896427
2023-08-15,0.21090846499685598,0.010479216124377414
2023-08-16,0.16537065906302204,0.01045594190755481
2023-08-17,0.14802606616449865,0.007180095889773308
2023-08-18,0.16693537251616858,0.011212353954289435
2023-08-21,0.1421787603302194,0.007407019503793696
2023-08-22,0.17155910442213798,0.012905553228133871
2023-08-23,0.16056482747407003,0.007156821672950702
2023-08-24,0.1405504982972838,0.004870129870129868
2023-08-25,0.1366584909821201,0.005323977098170645
2023-08-28,0.1635001845236031,0.007843411069217517
2023-08-29,0.1652828563683137,0.005277428664525436
2023-08-30,0.140776804287686,0.0017804775869291974
2023-08-31,0.13542113119317273,0.011282176604757244
2023-09-01,0.12402362404183921,0.008832565284178183
2023-09-05,0.1067040168653808,0.004358097100032582
2023-09-06,0.11985465836819509,0.0053647069776102
2023-09-07,0.10936796268747247,0.005446166736489312
2023-09-08,0.11853033415059115,0.0025252525252525216
2023-09-11,0.08586614148778596,0.004730484569194242
2023-09-12,0.08214625824979227,0.01107852720755946
2023-09-13,0.10253572923609874,0.01047339757017176
2023-09-14,0.052499256274772824,0.004811944328073357
2023-09-15,0.06127981368513801,0.006348042638365215
2023-09-18,0.06729275148738735,0.0035609551738583958
2023-09-19,0.04881583307007456,0.00239142577852255
2023-09-20,0.003993801924925146,-0.003345668668249317
2023-09-21,0.021451801036822697,0.006394591072010423
2023-09-22,0.03117857800319144,0.00887911371782339
2023-09-25,-0.016949416002392734,0.007104454685099842
2023-09-26,-0.008236634430198904,0.014168179490760128
2023-09-27,-0.016860430252941087,0.012288786482334864
2023-09-28,-0.03998551743800733,0.014814039007587388
2023-09-29,-0.05247613795725837,0.002391425778522548
2023-10-02,-0.08216066970096823,0.007825955406600561
2023-10-03,-0.04393830093062224,-0.002088860959828707
2023-10-04,-0.04549306697658178,-0.004410464087883447
2023-10-05,-0.03006202345117987,-0.0094842433552111
2023-10-06,-0.03787308839049221,-0.003025648186938513
2023-10-09,-0.04929634222597201,-0.003258390355164552
2023-10-10,-0.05852154525158597,-0.008774379742121679
2023-10-11,-0.08097825838796893,-0.012597169855234373
2023-10-12,-0.07750626385062635,-0.00627753949890222
2023-10-13,-0.08715358873891525,-0.004060670346549198
2023-10-16,-0.08937180200580414,-0.00799401298956926
2023-10-17,-0.10782158140964598,-0.0020416320371883074
2023-10-18,-0.11735549484832118,0.007506615414284949
2023-10-19,-0.1598385042320789,0.006069432525489156
2023-10-20,-0.15942969844677632,-0.00018551324558564587
2023-10-23,-0.15862408821512888,0.006133436621751317
2023-10-24,-0.1749736747919171,0.0005476245843263775
2023-10-25,-0.20492917083541368,-0.005492034681139338
2023-10-26,-0.2392125278442916,-0.008831884795183001
2023-10-27,-0.1993317063928955,-0.009012259975558181
2023-10-30,-0.1565506225438562,0.0046322496366933644
2023-10-31,-0.12421602015376496,0.01101520360029249
2023-11-01,-0.08017162513205828,0.013674282872274986
2023-11-02,-0.07069819734600212,0.012778225524604735
2023-11-03,-0.05849556353633929,0.014192134196577924
2023-11-06,-0.04097317909550621,0.01664174551715699
2023-11-07,-0.033263804270290485,0.011189760226462018
2023-11-08,-0.04618157251674884,0.00853068095447952
2023-11-09,-0.038180635787814915,0.005656315176887938
2023-11-10,-0.017457359608327096,0.009560565048879744
2023-11-13,0.02464254611804388,0.007890639991857913
2023-11-14,0.04204395716812312,0.011946172273196644
2023-11-15,0.021078894385175507,0.0015600530161096458
2023-11-16,0.029268822679003617,0.003113606989018457
2023-11-17,0.04947106396917923,0.003515087229208375
2023-11-20,0.028178093705361538,0.005027911322677629
2023-11-21,0.059151994598229264,0.013482270583488502
2023-11-22,0.04954246893701988,0.01055553781804606
2023-11-24,0.03346201560190282,0.009665299024581459
2023-11-27,0.011085378511390803,0.0021651826534973486
2023-11-28,0.012568794997443317,0.0054526657796901525
2023-11-29,0.025753019246581924,0.0032765265067766854
2023-11-30,0.03405398407881043,0.004504241444169042
2023-12-01,0.0378589489968726,-0.001075752039050248
2023-12-04,0.04774965718385887,0.0030030544591110883
2023-12-05,0.04391482045508859,-0.004822900947489479
2023-12-06,0.05645999765613155,0.011079207696554648
2023-12-07,0.06289699831438215,0.01567004696481327
2023-12-08,0.07456462293169386,0.007972099750737024
2023-12-11,0.06569107964781146,0.0009432862703106425
2023-12-12,0.07254352102476187,-0.004770533959638619
2023-12-13,0.11922670529488395,0.0012400325347988422
2023-12-14,0.113480530172216,-0.009530111299861121
2023-12-15,0.12498003290851208,-0.015913065263460244
2023-12-18,0.1634229496746017,-0.0066150156428299795
2023-12-19,0.1871478459793921,-0.0018670754110187808
2023-12-20,0.19531772333355954,-0.007132866967132918
2023-12-21,0.18364359213581424,-0.004502880466178675
2023-12-22,0.23065712097687982,-0.004915997814779895
2023-12-26,0.2268951556457941,-0.01154333105501636
2023-12-27,0.22213346587880736,-0.009751216359675859
2023-12-28,0.21677076218609306,-0.014703179297694739
2023-12-29,0.21537631793882142,-0.010839659305142491
2024-01-02,0.24145838165735473,-0.020690471575309597
2024-01-03,0.22113269545688385,-0.011526248701409305
2024-01-04,0.23385420541387233,-0.0034035470303205376
2024-01-05,0.24676183921113218,0.005871228373487122
2024-01-08,0.22178024861440657,-0.003775934499482202
2024-01-09,0.22053395000259637,-0.004788362931265473
2024-01-10,0.20347016425165457,-0.0037642973910709003
2024-01-11,0.22060485713894273,-0.002897332814428905
2024-01-12,0.19185171233298526,-0.012719732802562946
2024-01-16,0.15809130093128915,-0.018730299297000406
2024-01-17,0.16533545636171587,-0.018491738574568716
2024-01-18,0.20922679989620185,-0.022681097602637423
2024-01-19,0.23512591122045032,-0.022110879290483623
2024-01-22,0.29190053044393555,-0.014791138099774696
2024-01-23,0.3057349086181249,-0.011468743648347985
2024-01-24,0.3173571216521242,-0.010601779071705989
2024-01-25,0.3599781709278846,-0.004486478601566811
2024-01-26,0.3831234160853658,-0.010339944132451692
2024-01-29,0.44291893594700477,-0.004602849685679828
2024-01-30,0.3877357044868761,-0.002188149690334672
2024-01-31,0.3989857001805405,-0.007442304138037506
2024-02-01,0.4016424363916351,-0.00425955498754642
2024-02-02,0.34677222901426047,-0.002793279327722374
2024-02-05,0.34151794780229816,-0.011294187022178452
2024-02-06,0.35692238049703223,-0.0013910077641604876
2024-02-07,0.3686706182030591,-0.0033693161940818207
2024-02-08,0.36937592688954796,0.008186332458341024
2024-02-09,0.38895170850386956,0.003991154876066668
2024-02-12,0.3134516488606753,0.008686728120027009
2024-02-13,0.3296126818462132,0.00935586185367687
2024-02-14,0.32302656588610895,0.012183679197623245
2024-02-15,0.30004346833483464,0.0078023078807680606
2024-02-16,0.31766412210362005,0.012922635581740921
2024-02-20,0.3026875289619471,0.0115960052228525
2024-02-21,0.32725523825713115,0.01984671508646559
2024-02-22,0.33802292103560283,0.013760507387354662
2024-02-23,0.32045447705054075,0.012090582330332831
2024-02-26,0.3282425505987059,0.017484382078971288
2024-02-27,0.32888744141808984,0.014906762565867907
2024-02-28,0.3282993112943055,0.018357165209818935
2024-02-29,0.34020629105110795,0.01797314063224597
2024-03-01,0.33468788915798325,0.019352137978985252
2024-03-04,0.3122044720706784,0.0121778606434176
2024-03-05,0.3348052738918178,0.015098774854654388
2024-03-06,0.3516101458236994,0.018712097016363644
2024-03-07,0.3360753675204309,0.02277926640611368
2024-03-08,0.32481324018042107,0.015965739431296384
2024-03-11,0.3331026216223305,0.017641483042523862
2024-03-12,0.33393429679621967,0.01739710376588652
2024-03-13,0.3258149724416632,0.01984671508646559
2024-03-14,0.2801174914178716,0.02165628544442304
2024-03-15,0.2635916323379982,0.01866554858271844
2024-03-18,0.28560210743356074,0.027067540855678453
2024-03-19,0.29926541101959536,0.037034724209958576
2024-03-20,0.29852296965018077,0.038116975292209664
2024-03-21,0.3176237094545469,0.037471115775382396
2024-03-22,0.298908804818496,0.03625503794640135
2024-03-25,0.30364842911262135,0.030867056751968543
2024-03-26,0.3151270475009278,0.02579327748464089
2024-03-27,0.3164442149678342,0.02679988736221851
2024-03-28,0.30166641601917216,0.026404225676234242
2024-04-01,0.3030315169176537,0.03313084764697667
2024-04-02,0.3126144364636134,0.037454033421775355
2024-04-03,0.3058666651567763,0.040136386910580454
2024-04-04,0.3368987971862589,0.04227761485826002
2024-04-05,0.32635542455781574,0.0335905134292231
2024-04-08,0.30398605954574653,0.03520225294418842
2024-04-09,0.29209160872750894,0.03951380161057579
2024-04-10,0.2966289176571262,0.039886189079737455
2024-04-11,0.2541960549531195,0.03841991341991341
2024-04-12,0.23778472892231686,0.036843085230182
2024-04-15,0.24446740670103664,0.036837266675976345
2024-04-16,0.2737871035375442,0.04125354931806544
2024-04-17,0.26353811900656476,0.04608294930875575
2024-04-18,0.242617473947263,0.04706046641530512
2024-04-19,0.24806167573617943,0.04587348135735232
2024-04-22,0.2534201992117878,0.04324931341060372
2024-04-23,0.23918001340058193,0.0368547223385933
2024-04-24,0.17740842833862702,0.03429455848810687
2024-04-25,0.19433013146474876,0.0362146813759717
2024-04-26,0.1834372266692931,0.04228925196667131
2024-04-29,0.12494342595271296,0.04045640739189125
2024-04-30,0.14887760605749706,0.041893590280687044
2024-05-01,0.14226634412098438,0.042161243774147
2024-05-02,0.12717770551193686,0.03766931992738443
2024-05-03,0.1681539780611292,0.034120001861937345
2024-05-06,0.14869415555908802,0.04167830377507796
2024-05-07,0.135821654580675,0.03558045896755573
2024-05-08,0.14171424518606904,0.03612158450868127
2024-05-09,0.14241157663837858,0.034253828608667304
2024-05-10,0.13382107464403312,0.034102546199320384
2024-05-13,0.1858690651861938,0.033346134152585756
2024-05-14,0.18595482130581936,0.026584974165619318
2024-05-15,0.1689241926280745,0.03392798957315085
2024-05-16,0.18533407896256282,0.030698691989014565
2024-05-17,0.1837082007791579,0.0339338081273565
2024-05-20,0.20063661891929732,0.03625541125541125
2024-05-21,0.15785185640898294,0.027190103803007026
2024-05-22,0.1336849619329959,0.03251408090117767
2024-05-23,0.159077964465308,0.03345668668249313
2024-05-24,0.15495783584492728,0.03380579993483219
2024-05-28,0.13061075505895747,0.039176325466648045
2024-05-29,0.13075853747374708,0.03814062281804217
2024-05-30,0.1432485891344446,0.03829190522738909
2024-05-31,0.14564917001107408,0.043098031001256795
2024-06-03,0.1579923753283866,0.05421146953405017
2024-06-04,0.1635285221084521,0.052215705441511884
2024-06-05,0.14616956760877878,0.045314900153609824
2024-06-06,0.14445710850355473,0.04497742400968206
2024-06-07,0.14096724851670175,0.03998510450123353
2024-06-10,0.1065172971309823,0.03399781222361867
2024-06-11,0.13150813777171824,0.03992110040497137
2024-06-12,0.14115988771870314,0.04436647581808872
2024-06-13,0.1562533061457697,0.04677535725922822
2024-06-14,0.15457883470824985,0.04437229437229436
2024-06-17,0.153324554872935,0.046979006656426
2024-06-18,0.13946242995424693,0.046641530512498246
2024-06-20,0.11347739786420748,0.03856222348055038
2024-06-21,0.1384471634568435,0.03949319215345454
2024-06-24,0.14226481856427212,0.041366766607674146
2024-06-25,0.14805977830622416,0.04576559358714629
2024-06-26,0.131700911006281,0.055517490435817336
2024-06-27,0.0926486985164015,0.054301412606836276
2024-06-28,0.09760038900049668,0.05412103742646109
2024-07-01,0.11899181522440906,0.05689066922835096
2024-07-02,0.11920672858561607,0.05086846562550219
2024-07-03,0.15913068504312494,0.054138493089078046
2024-07-05,0.12967465094991962,0.04848285840118529
2024-07-08,0.1375020707124162,0.04377564804881366
2024-07-09,0.15656374800224301,0.04279231238805864
2024-07-10,0.16440618302760096,0.0374799723982993
2024-07-11,0.15661295882611942,0.04037179383850783
2024-07-12,0.19954779714809595,0.044258588047882685
2024-07-15,0.2363203943273709,0.046743110693695654
2024-07-16,0.24409778715571526,0.0488028788824961
2024-07-17,0.20201458537366118,0.049687299121755055
2024-07-18,0.18817317702304664,0.049867674302130224
2024-07-19,0.18568416727423426,0.05106629646849433
2024-07-22,0.16712296855241404,0.05620407983208415
2024-07-23,0.10283892270864887,0.04392693045816058
2024-07-24,0.10007427825554993,0.04275740106282473
2024-07-25,0.16538578555916075,0.03848076372167126
2024-07-26,0.13495350127792688,0.0330520526477989
2024-07-29,0.13267359330262754,0.03347098855060577
2024-07-30,0.2069172432124355,0.028496124704774185
2024-07-31,0.16921403209978933,0.019483184240220816
2024-08-01,0.0771516462268541,0.017964541592545912
2024-08-02,-0.006141646375145968,0.014298852442985795
2024-08-05,-0.0051819272581876555,0.018214739423388904
2024-08-06,-0.020924699339592474,0.013542440396251165
2024-08-07,0.008666858507446949,0.008462842574717862
2024-08-08,-0.005349570771647277,0.003098135597107658
2024-08-09,-0.011774186609986876,-0.0008119328290898002
2024-08-12,0.011300571408988805,0.0025744657185990697
2024-08-13,0.00726793059329899,0.0033134221027167443
2024-08-14,0.013592391591667584,0.0016784083709288184
2024-08-15,0.01892219993752665,-0.002702962945926368
2024-08-16,0.030787524033861653,0.0008754478905489843
2024-08-19,0.03618605348173972,0.006856921613958191
2024-08-20,0.028831232326405117,0.003610168367204945
2024-08-21,0.02936903494740559,0.007409684263495034
2024-08-22,0.06030117477012225,0.002557010055982117
2024-08-23,0.052322529085154425,0.002213715357848708
2024-08-26,0.04675970017969953,0.0015329445157875436
2024-08-27,0.05205753108047248,-0.004111053063693907
2024-08-28,0.05688822739215556,-0.0012948728281588328
2024-08-29,0.04100947933295489,-0.006130091373054797
2024-08-30,0.010652227708070523,-0.008329504862790866
2024-09-03,0.00857198496153269,-0.006677035468385988
2024-09-04,-0.011732229169617034,0.002225352466260011
2024-09-05,-0.031293315989088036,0.006449622819562622
2024-09-06,0.00220757180224486,0.004354943305528269
2024-09-09,0.012060711770984682,0.002091525719530038
2024-09-10,0.03543278265781186,0.0036858095718784066
2024-09-11,0.021983043770026568,-0.0006490133113315733
2024-09-12,0.03110864849642648,-0.0023887610188212146
2024-09-13,0.04453986923851141,-0.0017021716225543997
2024-09-16,0.04050256046681645,0.0009627262036337487
2024-09-17,0.028129118068619535,-0.0012134130692797176
2024-09-18,0.039190386468000264,-0.009097554017936795
2024-09-19,0.053960117749219695,-0.006958990829958577
2024-09-20,0.05593753380044717,-0.002781268910301172
2024-09-23,0.05623344502026318,-0.0029907368617046078
2024-09-24,0.04840749767473027,-0.000965879998138068
2024-09-25,0.045101849994485174,-0.008628915886980408
2024-09-26,0.06900580516960403,-0.009146767211283347
2024-09-27,0.07382935477112114,-0.015256249127216874
2024-09-30,0.04969173356872837,-0.024327375133826747
2024-10-01,0.04156605039115928,-0.02320439417213611
2024-10-02,0.025660269284096857,-0.020591581218847056
2024-10-03,0.04003484255449519,-0.01633239954031054
2024-10-04,0.014713153326740535,-0.013132194727202501
2024-10-07,0.003677547252726837,-0.008401710158008254
2024-10-08,0.031159359771812885,0.0001050160906534769
2024-10-09,0.016673121488341148,-0.006289574981356949
2024-10-10,0.030711097046424208,-0.012125584849624881
2024-10-11,0.020935632259599053,-0.010961874008494686
2024-10-14,0.0197696333589999,-0.0143308168935666
2024-10-15,0.05714610519832295,-0.008506444133709972
2024-10-16,0.05928329555475933,-0.010577849430921722
2024-10-17,0.060555255758999574,-0.008820646060815125
2024-10-18,0.04754336085557137,-0.015058136169272976
2024-10-21,0.09271747484829138,-0.011089882201019008
2024-10-22,0.0835560274366804,-0.009582876661755403
2024-10-23,0.06072422858949101,-0.003549035950495337
2024-10-24,0.058786268530798616,-0.007360188955196729
2024-10-25,0.06637320708345347,-0.015133777373946436
2024-10-28,0.047776436852281626,-0.01491849086833735
2024-10-29,0.06342494913029735,-0.013946792315993635
2024-10-30,0.08808403270740764,-0.016815339539379567
2024-10-31,0.19184689178965267,-0.010473115455220002
2024-11-01,0.1499411791766651,-0.01972461664220506
2024-11-04,0.2026764336146632,-0.01907293857117215
2024-11-05,0.21226367860900677,-0.01271325882439563
2024-11-06,0.20504735250433223,-0.010665127744006485
2024-11-07,0.2178159842326659,-0.015133777373946436
2024-11-08,0.20280127891463112,-0.012393238343084824
2024-11-11,0.18536921995899477,-0.004427637635548635
2024-11-12,0.17604456179295896,0.0013501866906627873
2024-11-13,0.16647121506550258,-0.00040119812523815764
2024-11-14,0.15299177188264415,0.0030259303018902693
2024-11-15,0.15833358633453287,-0.00457892004489556
2024-11-18,0.152713529332076,-0.006853974739305093
2024-11-19,0.1579842034729383,-0.006859793293510744
2024-11-20,0.1562388130254789,0.00225788114674434
2024-11-21,0.15737529056009908,-0.0021234901701108464
2024-11-22,0.16247274589052957,-0.003485031854233176
2024-11-25,0.18510196765791953,0.0006926900654242275
2024-11-26,0.16976074499605076,-0.004334540768258219
2024-11-27,0.16729169535318578,-0.003851600769189187
2024-11-29,0.19828961321615832,-0.0028624465542285205
2024-12-02,0.19255238881482584,-0.009082481000069415
2024-12-03,0.1945640941383795,-0.019230039534724724
2024-12-04,0.22386475101536363,-0.020009725798281953
2024-12-05,0.20182245370730895,-0.018584180017897464
2024-12-06,0.1791423600286075,-0.018956567487059126
2024-12-09,0.14853169734598487,-0.025275517354396093
2024-12-10,0.14964303426002737,-0.025898102654400748
2024-12-11,0.1137738131860287,-0.029971090598356433
2024-12-12,0.08929748425393878,-0.03151300746285394
2024-12-13,0.08039442968358664,-0.042702087200320774
2024-12-16,0.07103091579591281,-0.04238489520137708
2024-12-17,-0.0007198502626502243,-0.03632196171908877
2024-12-18,-0.01473651192503267,-0.042361620984554475
2024-12-19,-0.004559363523556765,-0.0496580879584408
2024-12-20,0.0027098612200806174,-0.05145602120798696
2024-12-23,0.022724124951967063,-0.053015393735101425
2024-12-24,0.01993568664735077,-0.05107781518461965
2024-12-26,0.009984337892564872,-0.04439811495653232
2024-12-27,-0.011906182062884454,-0.04435156652288711
