date,ticker,pred,realized_ret
2020-01-02,AAPL,0.12115484476089478,-0.009769602678716183
2020-01-03,AAPL,0.12117504328489304,0.00793666671961546
2020-01-06,AAPL,0.12116417288780212,-0.004714140202850103
2020-01-07,AAPL,0.12116528302431107,0.015958275645971298
2020-01-08,AAPL,0.12117135524749756,0.02101837284862995
2020-01-09,AAPL,0.12119344621896744,0.002258152235299349
2020-01-10,AAPL,0.12117461860179901,0.021139351651072502
2020-01-13,AAPL,0.1211562231183052,-0.0135952765122056
2020-01-14,AAPL,0.12115778028964996,-0.004294728860259056
2020-01-15,AAPL,0.12115588039159775,0.012448671273887157
2020-01-16,AAPL,0.12115832418203354,0.011010161601006985
2020-01-17,AAPL,0.121153324842453,-0.006799974478781223
2020-01-21,AAPL,0.12115374952554703,0.0035631703212857246
2020-01-22,AAPL,0.12115439027547836,0.004804300609976053
2020-01-23,AAPL,0.12115644663572311,-0.0028861374594271183
2020-01-24,AAPL,0.1211579293012619,-0.029846252873539925
2020-01-27,AAPL,0.12116775661706924,0.0278965812176466
2020-01-28,AAPL,0.12116388976573944,0.020716264843940735
2020-01-29,AAPL,0.12116540968418121,-0.001450151321478188
2020-01-30,AAPL,0.12116555869579315,-0.045351751148700714
2020-01-31,AAPL,0.12116921693086624,-0.0027500740252435207
2020-02-03,AAPL,0.12116917222738266,0.03248043358325958
2020-02-04,AAPL,0.121165432035923,0.008121256716549397
2020-02-05,AAPL,0.12116996198892593,0.011629052460193634
2020-02-06,AAPL,0.12116490304470062,-0.01605636440217495
2020-02-07,AAPL,0.12117030471563339,0.004738276824355125
2020-02-10,AAPL,0.121170774102211,-0.006051558069884777
2020-02-11,AAPL,0.12116481363773346,0.023470185697078705
2020-02-12,AAPL,0.12116916477680206,-0.007146554533392191
2020-02-13,AAPL,0.12116947025060654,0.00024627463426440954
2020-02-14,AAPL,0.12117073684930801,-0.01848025992512703
2020-02-18,AAPL,0.12117090821266174,0.014378869906067848
2020-02-19,AAPL,0.12117690593004227,-0.010311954654753208
2020-02-20,AAPL,0.12117770314216614,-0.02289513498544693
2020-02-21,AAPL,0.1211724653840065,-0.04866557568311691
2020-02-24,AAPL,0.12117220461368561,-0.034459132701158524
2020-02-25,AAPL,0.12117356061935425,0.015739161521196365
2020-02-26,AAPL,0.12117712944746017,-0.06760262697935104
2020-02-27,AAPL,0.12119469046592712,-0.0005851509631611407
2020-02-28,AAPL,0.12119441479444504,0.08901835978031158
2020-03-02,AAPL,0.12117656320333481,-0.03227454423904419
2020-03-03,AAPL,0.12118338793516159,0.04534095153212547
2020-03-04,AAPL,0.12117718160152435,-0.032974738627672195
2020-03-05,AAPL,0.12118731439113617,-0.013369095511734486
2020-03-06,AAPL,0.12119165807962418,-0.08239523321390152
2020-03-09,AAPL,0.12121494859457016,0.0695461854338646
2020-03-10,AAPL,0.12119900435209274,-0.03534795343875885
2020-03-11,AAPL,0.12121033668518066,-0.10397776961326599
2020-03-12,AAPL,0.1212327778339386,0.1131574809551239
2020-03-13,AAPL,0.12119858711957932,-0.13770805299282074
2020-03-16,AAPL,0.12122558802366257,0.04303083196282387
2020-03-17,AAPL,0.12121632695198059,-0.024784574285149574
2020-03-18,AAPL,0.12121449410915375,-0.0076915607787668705
2020-03-19,AAPL,0.12121070176362991,-0.06559032946825027
2020-03-20,AAPL,0.12123953551054001,-0.02147306129336357
2020-03-23,AAPL,0.12124057859182358,0.09560595452785492
2020-03-24,AAPL,0.1212284192442894,-0.005523980595171452
2020-03-25,AAPL,0.12121608853340149,0.051285140216350555
2020-03-26,AAPL,0.12119787186384201,-0.042283736169338226
2020-03-27,AAPL,0.12118983268737793,0.028138328343629837
2020-03-30,AAPL,0.12119049578905106,-0.0020428381394594908
2020-03-31,AAPL,0.12118344753980637,-0.05405188724398613
2020-04-01,AAPL,0.12117554247379303,0.016548991203308105
2020-04-02,AAPL,0.1211855560541153,-0.014475677162408829
2020-04-03,AAPL,0.12116992473602295,0.08364004641771317
2020-04-06,AAPL,0.12116698920726776,-0.01164990570396185
2020-04-07,AAPL,0.12116062641143799,0.025272570550441742
2020-04-08,AAPL,0.12115826457738876,0.007190170232206583
2020-04-09,AAPL,0.12115418910980225,0.019437497481703758
2020-04-13,AAPL,0.12115393579006195,0.04926924780011177
2020-04-14,AAPL,0.12115608155727386,-0.009169221855700016
2020-04-15,AAPL,0.12115758657455444,0.007914349436759949
2020-04-16,AAPL,0.1211615800857544,-0.013661609962582588
2020-04-17,AAPL,0.12115619331598282,-0.020975150167942047
2020-04-20,AAPL,0.12116053700447083,-0.03139813244342804
2020-04-21,AAPL,0.12116219848394394,0.02839653380215168
2020-04-22,AAPL,0.12115631997585297,-0.0038829627446830273
2020-04-23,AAPL,0.12115797400474548,0.028460711240768433
2020-04-24,AAPL,0.12115545570850372,0.0007065821555443108
2020-04-27,AAPL,0.1211586743593216,-0.016342248767614365
2020-04-28,AAPL,0.12115888297557831,0.032317355275154114
2020-04-29,AAPL,0.12115953117609024,0.020876644179224968
2020-04-30,AAPL,0.12116315960884094,-0.016230324283242226
2020-05-01,AAPL,0.12116546928882599,0.014049649238586426
2020-05-04,AAPL,0.12116939574480057,0.014897329732775688
2020-05-05,AAPL,0.12116513401269913,0.010264411568641663
2020-05-06,AAPL,0.12116813659667969,0.010291751474142075
2020-05-07,AAPL,0.1211715042591095,0.020819539204239845
2020-05-08,AAPL,0.12116400897502899,0.015612835064530373
2020-05-11,AAPL,0.12115973234176636,-0.011494032107293606
2020-05-12,AAPL,0.12116716057062149,-0.01214763056486845
2020-05-13,AAPL,0.1211717501282692,0.006124598905444145
2020-05-14,AAPL,0.12117108702659607,-0.005929599050432444
2020-05-15,AAPL,0.12117316573858261,0.02328786626458168
2020-05-18,AAPL,0.12116464227437973,-0.005795198027044535
2020-05-19,AAPL,0.12117057293653488,0.01926145888864994
2020-05-20,AAPL,0.12116479873657227,-0.007483385503292084
2020-05-21,AAPL,0.12116137146949768,0.0064177666790783405
2020-05-22,AAPL,0.1211618185043335,-0.006796550936996937
2020-05-26,AAPL,0.12116105109453201,0.004347478039562702
2020-05-27,AAPL,0.12115886807441711,0.0004400485777296126
2020-05-28,AAPL,0.12115977704524994,-0.0009745440329425037
2020-05-29,AAPL,0.12116077542304993,0.012222924269735813
2020-06-01,AAPL,0.1211608275771141,0.004618772305548191
2020-06-02,AAPL,0.1211584210395813,0.0054899402894079685
2020-06-03,AAPL,0.1211576908826828,-0.008649466559290886
2020-06-04,AAPL,0.12115896493196487,0.028082946315407753
2020-06-05,AAPL,0.12115857005119324,0.005895082838833332
2020-06-08,AAPL,0.12115977704524994,0.03108966536819935
2020-06-09,AAPL,0.12116013467311859,0.0254021268337965
2020-06-10,AAPL,0.12116269767284393,-0.04920120909810066
2020-06-11,AAPL,0.1211654394865036,0.008596448227763176
2020-06-12,AAPL,0.1211644783616066,0.012291337363421917
2020-06-15,AAPL,0.12116441130638123,0.026157120242714882
2020-06-16,AAPL,0.12116411328315735,-0.0013926707906648517
2020-06-17,AAPL,0.12116527557373047,0.00039815346826799214
2020-06-18,AAPL,0.12116537243127823,-0.005731029435992241
2020-06-19,AAPL,0.12116628140211105,0.025827353820204735
2020-06-22,AAPL,0.12116548418998718,0.02112017758190632
2020-06-23,AAPL,0.12116634845733643,-0.01780969277024269
2020-06-24,AAPL,0.12116824090480804,0.013188214041292667
2020-06-25,AAPL,0.1211705431342125,-0.03120770864188671
2020-06-26,AAPL,0.12117989361286163,0.022785106673836708
2020-06-29,AAPL,0.1211743950843811,0.008312935940921307
2020-06-30,AAPL,0.12117144465446472,-0.0018932451494038105
2020-07-01,AAPL,0.12116500735282898,0.0
2020-07-02,AAPL,0.12116661667823792,0.026398684829473495
2020-07-06,AAPL,0.12116827070713043,-0.0031076823361217976
2020-07-07,AAPL,0.1211683601140976,0.02302303910255432
2020-07-08,AAPL,0.12116781622171402,0.004291104152798653
2020-07-09,AAPL,0.1211673840880394,0.0017477287910878658
2020-07-10,AAPL,0.12116736173629761,-0.004623864311724901
2020-07-13,AAPL,0.12116876244544983,0.016412988305091858
2020-07-14,AAPL,0.12116827815771103,0.006853781174868345
2020-07-15,AAPL,0.12116850167512894,-0.012381264008581638
2020-07-16,AAPL,0.12116896361112595,-0.0020222945604473352
2020-07-17,AAPL,0.12117107212543488,0.020854944363236427
2020-07-20,AAPL,0.12116923183202744,-0.01389780268073082
2020-07-21,AAPL,0.12117123603820801,0.0028053303249180317
2020-07-22,AAPL,0.12117038667201996,-0.04658485949039459
2020-07-23,AAPL,0.12117017805576324,-0.0024803567212074995
2020-07-24,AAPL,0.1211712509393692,0.02342377044260502
2020-07-27,AAPL,0.12117015570402145,-0.01656396873295307
2020-07-28,AAPL,0.12117098271846771,0.01898697204887867
2020-07-29,AAPL,0.12117070704698563,0.012027562595903873
2020-07-30,AAPL,0.12117087841033936,0.09956351667642593
2020-07-31,AAPL,0.12118048965930939,0.024885382503271103
2020-08-03,AAPL,0.12117485702037811,0.006655949633568525
2020-08-04,AAPL,0.12117115408182144,0.003618113463744521
2020-08-05,AAPL,0.12117236852645874,0.03429440036416054
2020-08-06,AAPL,0.12116800248622894,-0.024799557402729988
2020-08-07,AAPL,0.1211838647723198,0.014430181123316288
2020-08-10,AAPL,0.12118339538574219,-0.03019106574356556
2020-08-11,AAPL,0.1211705207824707,0.03269398584961891
2020-08-12,AAPL,0.12116515636444092,0.017542770132422447
2020-08-13,AAPL,0.12116451561450958,-0.000891632167622447
2020-08-14,AAPL,0.12116555124521255,-0.0026142362039536238
2020-08-17,AAPL,0.1211656853556633,0.008298277854919434
2020-08-18,AAPL,0.12116459012031555,0.00125391676556319
2020-08-19,AAPL,0.12116484344005585,0.02194700762629509
2020-08-20,AAPL,0.1211656704545021,0.050248581916093826
2020-08-21,AAPL,0.1211644858121872,0.01188928447663784
2020-08-24,AAPL,0.12116359174251556,-0.008237567730247974
2020-08-25,AAPL,0.12116342037916183,0.0135074183344841
2020-08-26,AAPL,0.12116356194019318,-0.012026399374008179
2020-08-27,AAPL,0.12116329371929169,-0.0016211789334192872
2020-08-28,AAPL,0.12116339057683945,0.03334980830550194
2020-08-31,AAPL,0.12116025388240814,0.03905974701046944
2020-09-01,AAPL,0.1211603581905365,-0.020936068147420883
2020-09-02,AAPL,0.12115712463855743,-0.08344776183366776
2020-09-03,AAPL,0.1211666613817215,0.0006616096361540258
2020-09-04,AAPL,0.12116782367229462,-0.06966628134250641
2020-09-08,AAPL,0.12117239832878113,0.03911161422729492
2020-09-09,AAPL,0.12117008119821548,-0.0331905335187912
2020-09-10,AAPL,0.12117095291614532,-0.013215837068855762
2020-09-11,AAPL,0.12117205560207367,0.029558807611465454
2020-09-14,AAPL,0.12117183208465576,0.001559119438752532
2020-09-15,AAPL,0.12117121368646622,-0.029957910999655724
2020-09-16,AAPL,0.12117452919483185,-0.016092414036393166
2020-09-17,AAPL,0.12117543816566467,-0.03223412111401558
2020-09-18,AAPL,0.12117667496204376,0.02987503632903099
2020-09-21,AAPL,0.12118173390626907,0.015593589283525944
2020-09-22,AAPL,0.12117784470319748,-0.04285125434398651
2020-09-23,AAPL,0.12118943780660629,0.010216476395726204
2020-09-24,AAPL,0.12117764353752136,0.03682953864336014
2020-09-25,AAPL,0.121172234416008,0.02358849346637726
2020-09-28,AAPL,0.12116749584674835,-0.007596655283123255
2020-09-29,AAPL,0.12117011845111847,0.014963317662477493
2020-09-30,AAPL,0.12116725742816925,0.008426561951637268
2020-10-01,AAPL,0.12116689234972,-0.0328126922249794
2020-10-02,AAPL,0.12117025256156921,0.03032650798559189
2020-10-05,AAPL,0.12117068469524384,-0.029088493436574936
2020-10-06,AAPL,0.12117192894220352,0.01682477630674839
2020-10-07,AAPL,0.12117084115743637,-0.000956319214310497
2020-10-08,AAPL,0.1211697906255722,0.017246266826987267
2020-10-09,AAPL,0.12117002159357071,0.06158468872308731
2020-10-12,AAPL,0.1211695522069931,-0.02688555419445038
2020-10-13,AAPL,0.12116929888725281,0.0007429441902786493
2020-10-14,AAPL,0.12116983532905579,-0.003968615084886551
2020-10-15,AAPL,0.12116965651512146,-0.014099448919296265
2020-10-16,AAPL,0.12117020785808563,-0.02587372623383999
2020-10-19,AAPL,0.1211702898144722,0.0131056634709239
2020-10-20,AAPL,0.12117097526788712,-0.005461225286126137
2020-10-21,AAPL,0.12117094546556473,-0.009629536420106888
2020-10-22,AAPL,0.12116968631744385,-0.00615279097110033
2020-10-23,AAPL,0.12117046862840652,8.694107236806303e-05
2020-10-26,AAPL,0.12116969376802444,0.01338241808116436
2020-10-27,AAPL,0.12117072939872742,-0.04741890728473663
2020-10-28,AAPL,0.12118390202522278,0.03638051450252533
2020-10-29,AAPL,0.12118158489465714,-0.05764821171760559
2020-10-30,AAPL,0.12119768559932709,-0.0008271283586509526
2020-11-02,AAPL,0.12119404971599579,0.015236878767609596
2020-11-03,AAPL,0.12118029594421387,0.04002481698989868
2020-11-04,AAPL,0.12117388099431992,0.03487832844257355
2020-11-05,AAPL,0.12117049843072891,-0.002860479289665818
2020-11-06,AAPL,0.12116950750350952,-0.0201700609177351
2020-11-09,AAPL,0.12117033451795578,-0.0030134636908769608
2020-11-10,AAPL,0.12117037177085876,0.02990112081170082
2020-11-11,AAPL,0.12116934359073639,-0.0023460318334400654
2020-11-12,AAPL,0.1211700290441513,0.00041936556226573884
2020-11-13,AAPL,0.12116821110248566,0.008682646788656712
2020-11-16,AAPL,0.12116856127977371,-0.007593207992613316
2020-11-17,AAPL,0.12116769701242447,-0.011456620879471302
2020-11-18,AAPL,0.12116837501525879,0.005154873710125685
2020-11-19,AAPL,0.12116773426532745,-0.01101802010089159
2020-11-20,AAPL,0.1211676150560379,-0.030193893238902092
2020-11-23,AAPL,0.12116847932338715,0.011527502909302711
2020-11-24,AAPL,0.12116938084363937,0.007439486216753721
2020-11-25,AAPL,0.12117139995098114,0.004814707674086094
2020-11-27,AAPL,0.12117169052362442,0.02088012360036373
2020-11-30,AAPL,0.12116778641939163,0.030361749231815338
2020-12-01,AAPL,0.12116780877113342,0.00292921788059175
2020-12-02,AAPL,0.12116807699203491,-0.0011381140211597085
2020-12-03,AAPL,0.12116842716932297,-0.005628323182463646
2020-12-04,AAPL,0.12116873264312744,0.01219527330249548
2020-12-07,AAPL,0.12116952985525131,0.005077972076833248
2020-12-08,AAPL,0.12116895616054535,-0.021125245839357376
2020-12-09,AAPL,0.12116918712854385,0.011917528696358204
2020-12-10,AAPL,0.12117014080286026,-0.006757560186088085
2020-12-11,AAPL,0.12116879969835281,-0.005159968044608831
2020-12-14,AAPL,0.12116904556751251,0.04887617379426956
2020-12-15,AAPL,0.12117242068052292,-0.0005475356592796743
2020-12-16,AAPL,0.12117227166891098,0.006939323619008064
2020-12-17,AAPL,0.12116852402687073,-0.015977730974555016
2020-12-18,AAPL,0.12117010354995728,0.012319132685661316
2020-12-21,AAPL,0.12117636203765869,0.028066962957382202
2020-12-22,AAPL,0.12117035686969757,-0.0070004709996283054
2020-12-23,AAPL,0.12117055058479309,0.007682648953050375
2020-12-24,AAPL,0.12117041647434235,0.03514097258448601
2020-12-28,AAPL,0.12116654217243195,-0.01340429112315178
2020-12-29,AAPL,0.12117042392492294,-0.008563244715332985
2020-12-30,AAPL,0.12117042392492294,-0.007732471916824579
2020-12-31,AAPL,0.12116606533527374,-0.02502991259098053
2021-01-04,AAPL,0.1211669072508812,0.012287926860153675
2021-01-05,AAPL,0.12116681039333344,-0.03424111753702164
2021-01-06,AAPL,0.12116967141628265,0.03355393931269646
2021-01-07,AAPL,0.12116960436105728,0.008594226092100143
2021-01-08,AAPL,0.1211681216955185,-0.023523341864347458
2021-01-11,AAPL,0.12116934359073639,-0.0013964830432087183
2021-01-12,AAPL,0.12116998434066772,0.016096433624625206
2021-01-13,AAPL,0.12117090076208115,-0.015242756344377995
2021-01-14,AAPL,0.12117211520671844,-0.013825678266584873
2021-01-15,AAPL,0.12117381393909454,0.005412433762103319
2021-01-19,AAPL,0.12117509543895721,0.032327890396118164
2021-01-20,AAPL,0.12117026001214981,0.036002375185489655
2021-01-21,AAPL,0.12116806954145432,0.01594592072069645
2021-01-22,AAPL,0.12117179483175278,0.02730756439268589
2021-01-25,AAPL,0.12117105722427368,0.0016778911231085658
2021-01-26,AAPL,0.12116359174251556,-0.007713424973189831
2021-01-27,AAPL,0.12116660177707672,-0.035611867904663086
2021-01-28,AAPL,0.12116830050945282,-0.03813872113823891
2021-01-29,AAPL,0.12117405235767365,0.01638512872159481
2021-02-01,AAPL,0.12116514891386032,0.006316716317087412
2021-02-02,AAPL,0.12116336077451706,-0.007808785419911146
2021-02-03,AAPL,0.12116175889968872,0.025431634858250618
2021-02-04,AAPL,0.12115998566150665,-0.004596068058162928
2021-02-05,AAPL,0.1211608499288559,0.001096277846954763
2021-02-08,AAPL,0.12116091698408127,-0.006595430430024862
2021-02-09,AAPL,0.12116013467311859,-0.004568873904645443
2021-02-10,AAPL,0.12116103619337082,-0.0019221837865188718
2021-02-11,AAPL,0.12115978449583054,0.0017744199139997363
2021-02-12,AAPL,0.12116087973117828,-0.01623503491282463
2021-02-16,AAPL,0.12116345763206482,-0.017801523208618164
2021-02-17,AAPL,0.12116089463233948,-0.00867393333464861
2021-02-18,AAPL,0.12115995585918427,0.0012326714349910617
2021-02-19,AAPL,0.1211591437458992,-0.03025200590491295
2021-02-22,AAPL,0.12116453051567078,-0.0011117239482700825
2021-02-23,AAPL,0.12116831541061401,-0.00406037038192153
2021-02-24,AAPL,0.12116833031177521,-0.03540193289518356
2021-02-25,AAPL,0.12118474394083023,0.0022291382774710655
2021-02-26,AAPL,0.12119321525096893,0.052451279014348984
2021-03-01,AAPL,0.12117704749107361,-0.021114999428391457
2021-03-02,AAPL,0.12118133902549744,-0.024760590866208076
2021-03-03,AAPL,0.12118552625179291,-0.01593824103474617
2021-03-04,AAPL,0.12119216471910477,0.01068112812936306
2021-03-05,AAPL,0.1211763545870781,-0.042566753923892975
2021-03-08,AAPL,0.12117801606655121,0.03984520211815834
2021-03-09,AAPL,0.12117012590169907,-0.009208950214087963
2021-03-10,AAPL,0.12117183953523636,0.016368024051189423
2021-03-11,AAPL,0.12116856873035431,-0.0076546757481992245
2021-03-12,AAPL,0.12116891890764236,0.02416246198117733
2021-03-15,AAPL,0.12116916477680206,0.012662469409406185
2021-03-16,AAPL,0.1211695671081543,-0.006471460685133934
2021-03-17,AAPL,0.12116817384958267,-0.034493234008550644
2021-03-18,AAPL,0.1211683377623558,-0.004490286111831665
2021-03-19,AAPL,0.12117039412260056,0.02794167771935463
2021-03-22,AAPL,0.12116993218660355,-0.00691255135461688
2021-03-23,AAPL,0.1211690679192543,-0.020196083933115005
2021-03-24,AAPL,0.12116758525371552,0.0041549005545675755
2021-03-25,AAPL,0.12116950005292892,0.005128239281475544
2021-03-26,AAPL,0.1211698055267334,0.0014839268987998366
2021-03-29,AAPL,0.12116888910531998,-0.012350423261523247
2021-03-30,AAPL,0.12116936594247818,0.018591735512018204
2021-03-31,AAPL,0.12116844207048416,0.006934545002877712
2021-04-01,AAPL,0.12117024511098862,0.023303598165512085
2021-04-05,AAPL,0.12116967886686325,0.002459225943312049
2021-04-06,AAPL,0.12116949260234833,0.013301541097462177
2021-04-07,AAPL,0.12117021530866623,0.019051138311624527
2021-04-08,AAPL,0.12117455899715424,0.02004927024245262
2021-04-09,AAPL,0.12117313593626022,-0.013321378268301487
2021-04-12,AAPL,0.12117359042167664,0.02401581220328808
2021-04-13,AAPL,0.1211736649274826,-0.01801440306007862
2021-04-14,AAPL,0.12117631733417511,0.018535038456320763
2021-04-15,AAPL,0.12117515504360199,-0.0025310541968792677
2021-04-16,AAPL,0.12117695808410645,0.005055718589574099
2021-04-19,AAPL,0.12117552757263184,-0.012913004495203495
2021-04-20,AAPL,0.12117618322372437,0.002925619250163436
2021-04-21,AAPL,0.12117550522089005,-0.011754185892641544
2021-04-22,AAPL,0.12117291241884232,0.017877774313092232
2021-04-23,AAPL,0.12117505818605423,0.002973492257297039
2021-04-26,AAPL,0.12118415534496307,-0.002452543471008539
2021-04-27,AAPL,0.12118310481309891,-0.006045452784746885
2021-04-28,AAPL,0.1211843341588974,-0.0007489411509595811
2021-04-29,AAPL,0.1211848184466362,-0.015248947776854038
2021-04-30,AAPL,0.12118248641490936,0.00818176195025444
2021-05-03,AAPL,0.1211850717663765,-0.03602674603462219
2021-05-04,AAPL,0.12118478864431381,0.0019535666797310114
2021-05-05,AAPL,0.12118493020534515,0.012721234001219273
2021-05-06,AAPL,0.12119001895189285,0.0036160931922495365
2021-05-07,AAPL,0.12119046598672867,-0.026143308728933334
2021-05-10,AAPL,0.12118985503911972,-0.007437878753989935
2021-05-11,AAPL,0.12118931114673615,-0.025254735723137856
2021-05-12,AAPL,0.12118862569332123,0.01776105910539627
2021-05-13,AAPL,0.12118257582187653,0.01965038850903511
2021-05-14,AAPL,0.12118662148714066,-0.00930166244506836
2021-05-17,AAPL,0.12118241935968399,-0.01130944024771452
2021-05-18,AAPL,0.1211865097284317,-0.0012823279248550534
2021-05-19,AAPL,0.12118568271398544,0.02079436182975769
2021-05-20,AAPL,0.12118490785360336,-0.014877201057970524
2021-05-21,AAPL,0.12118508666753769,0.01322632934898138
2021-05-24,AAPL,0.12118572741746902,-0.0015747793950140476
2021-05-25,AAPL,0.12118534743785858,-0.0003941127215512097
2021-05-26,AAPL,0.12118498980998993,-0.012454051524400711
2021-05-27,AAPL,0.1211867406964302,-0.0053623574785888195
2021-05-28,AAPL,0.12119095772504807,-0.0026517901569604874
2021-06-01,AAPL,0.12119179964065552,0.006256527733057737
2021-06-02,AAPL,0.12119267135858536,-0.012228605337440968
2021-06-03,AAPL,0.12118400633335114,0.018843507394194603
2021-06-04,AAPL,0.12119251489639282,7.944824028527364e-05
2021-06-07,AAPL,0.12119346857070923,0.00664977403357625
2021-06-08,AAPL,0.12119629234075546,0.0030724364332854748
2021-06-09,AAPL,0.12118805199861526,-0.008055616170167923
2021-06-10,AAPL,0.12118621915578842,0.009784642606973648
2021-06-11,AAPL,0.12118025124073029,0.024280736222863197
2021-06-14,AAPL,0.12117837369441986,-0.006458552088588476
2021-06-15,AAPL,0.1211777850985527,0.0039262110367417336
2021-06-16,AAPL,0.12117618322372437,0.012522110715508461
2021-06-17,AAPL,0.12117807567119598,-0.0101429782807827
2021-06-18,AAPL,0.12117648869752884,0.014005376026034355
2021-06-21,AAPL,0.12117637693881989,0.012618408538401127
2021-06-22,AAPL,0.12117826193571091,-0.0020920420065522194
2021-06-23,AAPL,0.12117888778448105,-0.0021713406313210726
2021-06-24,AAPL,0.12117806077003479,-0.0022512620780617
2021-06-25,AAPL,0.12117739021778107,0.012467951513826847
2021-06-28,AAPL,0.12117920815944672,0.01143462024629116
2021-06-29,AAPL,0.12117952108383179,0.004610530566424131
2021-06-30,AAPL,0.12118066847324371,0.002260858891531825
2021-07-01,AAPL,0.12118033319711685,0.019406894221901894
2021-07-02,AAPL,0.12118208408355713,0.014611206948757172
2021-07-06,AAPL,0.1211819127202034,0.017795946449041367
2021-07-07,AAPL,0.12118276953697205,-0.009242286905646324
2021-07-08,AAPL,0.12118379026651382,0.012970495969057083
2021-07-09,AAPL,0.12118544429540634,-0.004212572239339352
2021-07-12,AAPL,0.12118525058031082,0.007858311757445335
2021-07-13,AAPL,0.12118635326623917,0.023814650252461433
2021-07-14,AAPL,0.12118829786777496,-0.004502229858189821
2021-07-15,AAPL,0.12118597328662872,-0.014175951480865479
2021-07-16,AAPL,0.1211855486035347,-0.02728324942290783
2021-07-19,AAPL,0.12118787318468094,0.025642409920692444
2021-07-20,AAPL,0.1211855411529541,-0.005144926719367504
2021-07-21,AAPL,0.12118657678365707,0.009582613594830036
2021-07-22,AAPL,0.12118659168481827,0.011917763389647007
2021-07-23,AAPL,0.12119029462337494,0.0028903258498758078
2021-07-26,AAPL,0.12119164317846298,-0.015012461692094803
2021-07-27,AAPL,0.12119126319885254,-0.012270992621779442
2021-07-28,AAPL,0.12119048088788986,0.004542046692222357
2021-07-29,AAPL,0.12119178473949432,0.0015094425762072206
2021-07-30,AAPL,0.12119163572788239,-0.002333698095753789
2021-08-02,AAPL,0.12119261920452118,0.012565013021230698
2021-08-03,AAPL,0.12119411677122116,-0.0027862044516950846
2021-08-04,AAPL,0.12118824571371078,0.0007482780492864549
2021-08-05,AAPL,0.12118832767009735,-0.006275588180869818
2021-08-06,AAPL,0.12118812650442123,-0.0003422170993871987
2021-08-09,AAPL,0.12118712067604065,-0.0033596674911677837
2021-08-10,AAPL,0.121185302734375,0.0017840840155258775
2021-08-11,AAPL,0.12117043137550354,0.02056051231920719
2021-08-12,AAPL,0.12116784602403641,0.0014094884973019361
2021-08-13,AAPL,0.12116716057062149,0.013456928543746471
2021-08-16,AAPL,0.12116768956184387,-0.00617301557213068
2021-08-17,AAPL,0.12116479873657227,-0.025831831619143486
2021-08-18,AAPL,0.1211797297000885,0.002320320112630725
2021-08-19,AAPL,0.12116904556751251,0.010105586610734463
2021-08-20,AAPL,0.1211681216955185,0.01020488329231739
2021-08-23,AAPL,0.12116845697164536,-0.0006014204700477421
2021-08-24,AAPL,0.12116853147745132,-0.008456957526504993
2021-08-25,AAPL,0.12116891145706177,-0.005542476661503315
2021-08-26,AAPL,0.12116895616054535,0.007158893626183271
2021-08-27,AAPL,0.12117937207221985,0.029963722452521324
2021-08-30,AAPL,0.12118802964687347,-0.008460409939289093
2021-08-31,AAPL,0.12118694186210632,0.0044686459004879
2021-09-01,AAPL,0.1211870089173317,0.007447117008268833
2021-09-02,AAPL,0.1211857721209526,0.004221530165523291
2021-09-03,AAPL,0.12118874490261078,0.015370567329227924
2021-09-07,AAPL,0.12119022756814957,-0.010134800337255001
2021-09-08,AAPL,0.12118632346391678,-0.006727454252541065
2021-09-09,AAPL,0.12118631601333618,-0.03366214036941528
2021-09-10,AAPL,0.12119201570749283,0.0038858538027852774
2021-09-13,AAPL,0.1211852878332138,-0.009608082473278046
2021-09-14,AAPL,0.12117549777030945,0.006124896463006735
2021-09-15,AAPL,0.12117082625627518,-0.0016117490595206618
2021-09-16,AAPL,0.12117049098014832,-0.018518391996622086
2021-09-17,AAPL,0.12117452174425125,-0.021592499688267708
2021-09-20,AAPL,0.12118584662675858,0.003422081470489502
2021-09-21,AAPL,0.12118995189666748,0.01673167757689953
2021-09-22,AAPL,0.1211899071931839,0.006696729455143213
2021-09-23,AAPL,0.12118415534496307,0.0006127410451881588
2021-09-24,AAPL,0.12117476016283035,-0.010606025345623493
2021-09-27,AAPL,0.12118300050497055,-0.024089103564620018
2021-09-28,AAPL,0.1211959570646286,0.0064620450139045715
2021-09-29,AAPL,0.1211964413523674,-0.00935540720820427
2021-09-30,AAPL,0.12119641900062561,0.008094318211078644
2021-10-01,AAPL,0.12119557708501816,-0.024913419038057327
2021-10-04,AAPL,0.12120281159877777,0.014059116132557392
2021-10-05,AAPL,0.12120435386896133,0.006287325173616409
2021-10-06,AAPL,0.12120479345321655,0.009043443948030472
2021-10-07,AAPL,0.12120703607797623,-0.002725459635257721
2021-10-08,AAPL,0.12120743840932846,-0.0006299838423728943
2021-10-11,AAPL,0.12120658904314041,-0.009144711308181286
2021-10-12,AAPL,0.12120475620031357,-0.004248932469636202
2021-10-13,AAPL,0.1212041825056076,0.020023789256811142
2021-10-14,AAPL,0.12120374292135239,0.00748445512726903
2021-10-15,AAPL,0.1212049350142479,0.011737028136849403
2021-10-18,AAPL,0.12120531499385834,0.014967544004321098
2021-10-19,AAPL,0.12120700627565384,0.0033554828260093927
2021-10-20,AAPL,0.12120901048183441,0.0014728611567988992
2021-10-21,AAPL,0.12120924890041351,-0.005298957694321871
2021-10-22,AAPL,0.12121018022298813,-0.0003363471769262105
2021-10-25,AAPL,0.12120852619409561,0.0045644319616258144
2021-10-26,AAPL,0.1212097555398941,-0.003152574645355344
2021-10-27,AAPL,0.12121167033910751,0.024684427306056023
2021-10-28,AAPL,0.12120752036571503,-0.01832246407866478
2021-10-29,AAPL,0.12120567262172699,-0.005623233038932085
2021-11-01,AAPL,0.12121017277240753,0.007090788334608078
2021-11-02,AAPL,0.12121041119098663,0.009751005098223686
2021-11-03,AAPL,0.12120971083641052,-0.0035047070123255253
2021-11-04,AAPL,0.12120809406042099,0.0021174708381295204
2021-11-05,AAPL,0.12121189385652542,-0.0055680666118860245
2021-11-08,AAPL,0.1212104931473732,0.0024564003106206656
2021-11-09,AAPL,0.12120644748210907,-0.019349174574017525
2021-11-10,AAPL,0.12121057510375977,-0.00033809832530096173
2021-11-11,AAPL,0.12121099978685379,0.014235185459256172
2021-11-12,AAPL,0.12120866030454636,6.663226668024436e-05
2021-11-15,AAPL,0.12120963633060455,0.006644542794674635
2021-11-16,AAPL,0.12120983749628067,0.016355616971850395
2021-11-17,AAPL,0.12120182812213898,0.028136424720287323
2021-11-18,AAPL,0.12119844555854797,0.016833560541272163
2021-11-19,AAPL,0.12119455635547638,0.0029231677763164043
2021-11-22,AAPL,0.12119320780038834,0.0024191271513700485
2021-11-23,AAPL,0.12119690328836441,0.0032781767658889294
2021-11-24,AAPL,0.1211962178349495,-0.032191045582294464
2021-11-26,AAPL,0.12120875716209412,0.02163786068558693
2021-11-29,AAPL,0.12120896577835083,0.03108929842710495
2021-11-30,AAPL,0.12117461860179901,-0.0032114353962242603
2021-12-01,AAPL,0.12118065357208252,-0.006148680113255978
2021-12-02,AAPL,0.12117286026477814,-0.011793737299740314
2021-12-03,AAPL,0.12117376178503036,0.021274862810969353
2021-12-06,AAPL,0.1211729347705841,0.034832559525966644
2021-12-07,AAPL,0.12118741869926453,0.022527430206537247
2021-12-08,AAPL,0.12116909772157669,-0.002974514616653323
2021-12-09,AAPL,0.12117080390453339,0.027628092095255852
2021-12-10,AAPL,0.12119036912918091,-0.020890939980745316
2021-12-13,AAPL,0.12117493897676468,-0.008055595681071281
2021-12-14,AAPL,0.12117055058479309,0.028110332787036896
2021-12-15,AAPL,0.12119266390800476,-0.04005546495318413
2021-12-16,AAPL,0.12119890004396439,-0.006523000076413155
2021-12-17,AAPL,0.1211988627910614,-0.008155165240168571
2021-12-20,AAPL,0.12120471894741058,0.018907055258750916
2021-12-21,AAPL,0.12120411545038223,0.01520262099802494
2021-12-22,AAPL,0.12118665874004364,0.0036371909081935883
2021-12-23,AAPL,0.12118777632713318,0.022714883089065552
2021-12-27,AAPL,0.12119554728269577,-0.005783946719020605
2021-12-28,AAPL,0.1211945042014122,0.0005019187228754163
2021-12-29,AAPL,0.12118640542030334,-0.00659999018535018
2021-12-30,AAPL,0.12118710577487946,-0.003541559213772416
2021-12-31,AAPL,0.12118606269359589,0.02469666115939617
2022-01-03,AAPL,0.12116917967796326,-0.012772823683917522
2022-01-04,AAPL,0.12116839736700058,-0.026960060000419617
2022-01-05,AAPL,0.12118484079837799,-0.016834238544106483
2022-01-06,AAPL,0.12118439376354218,0.0009878732962533832
2022-01-07,AAPL,0.1211768165230751,0.00011618232383625582
2022-01-10,AAPL,0.12117551267147064,0.016644490882754326
2022-01-11,AAPL,0.12117620557546616,0.002566938754171133
2022-01-12,AAPL,0.12117815762758255,-0.019211428239941597
2022-01-13,AAPL,0.12117735296487808,0.005097646731883287
2022-01-14,AAPL,0.121190145611763,-0.01907488703727722
2022-01-18,AAPL,0.12119076400995255,-0.021248945966362953
2022-01-19,AAPL,0.12118479609489441,-0.010401020757853985
2022-01-20,AAPL,0.12118559330701828,-0.012847300618886948
2022-01-21,AAPL,0.12118864804506302,-0.004876154009252787
2022-01-24,AAPL,0.12118951231241226,-0.011450009420514107
2022-01-25,AAPL,0.12118847668170929,-0.0005634102853946388
2022-01-26,AAPL,0.12118878960609436,-0.0029475498013198376
2022-01-27,AAPL,0.12118808925151825,0.06745084375143051
2022-01-28,AAPL,0.12119463086128235,0.025790290907025337
2022-01-31,AAPL,0.12119638174772263,-0.0009731141617521644
2022-02-01,AAPL,0.1211978942155838,0.007019551005214453
2022-02-02,AAPL,0.12119808793067932,-0.016861112788319588
2022-02-03,AAPL,0.12119770050048828,-0.0029540089890360832
2022-02-04,AAPL,0.12120026350021362,-0.004243550822138786
2022-02-07,AAPL,0.12119875103235245,0.018298286944627762
2022-02-08,AAPL,0.1212005466222763,0.008259549736976624
2022-02-09,AAPL,0.12120019644498825,-0.023881753906607628
2022-02-10,AAPL,0.12119508534669876,-0.020425617694854736
2022-02-11,AAPL,0.12119459360837936,0.0014221706660464406
2022-02-14,AAPL,0.12119892239570618,0.022888513281941414
2022-02-15,AAPL,0.1211998462677002,-0.0013898782199248672
2022-02-16,AAPL,0.12119872123003006,-0.021498635411262512
2022-02-17,AAPL,0.12119702994823456,-0.009399806149303913
2022-02-18,AAPL,0.12119651585817337,-0.017972836270928383
2022-02-22,AAPL,0.1212017685174942,-0.02620452456176281
2022-02-23,AAPL,0.12119804322719574,0.016542604193091393
2022-02-24,AAPL,0.12119477242231369,0.012882137671113014
2022-02-25,AAPL,0.121209055185318,0.0016364462208002806
2022-02-28,AAPL,0.12120944261550903,-0.011696028523147106
2022-03-01,AAPL,0.12120785564184189,0.020379167050123215
2022-03-02,AAPL,0.1212066262960434,-0.001983244437724352
2022-03-03,AAPL,0.12120690196752548,-0.01857975497841835
2022-03-04,AAPL,0.1212063878774643,-0.02400335483253002
2022-03-07,AAPL,0.12120532989501953,-0.011744786985218525
2022-03-08,AAPL,0.12120332568883896,0.034398939460515976
2022-03-09,AAPL,0.12120414525270462,-0.027562592178583145
2022-03-10,AAPL,0.12120362371206284,-0.02419915981590748
2022-03-11,AAPL,0.12120351940393448,-0.026921559125185013
2022-03-14,AAPL,0.12120262533426285,0.029245493933558464
2022-03-15,AAPL,0.12120408564805984,0.02860243432223797
2022-03-16,AAPL,0.12120185047388077,0.006433292757719755
2022-03-17,AAPL,0.12120102345943451,0.0207031462341547
2022-03-18,AAPL,0.1212029755115509,0.008501443080604076
2022-03-21,AAPL,0.12120280414819717,0.020587215200066566
2022-03-22,AAPL,0.12120247632265091,0.008199905976653099
2022-03-23,AAPL,0.12119776010513306,0.022424550727009773
2022-03-24,AAPL,0.12119918316602707,0.0037271403707563877
2022-03-25,AAPL,0.12120030075311661,0.005024016369134188
2022-03-28,AAPL,0.12120122462511063,0.018953638151288033
2022-03-29,AAPL,0.12120107561349869,-0.006671750918030739
2022-03-30,AAPL,0.12120582163333893,-0.01793568581342697
2022-03-31,AAPL,0.12120372802019119,-0.001719609834253788
2022-04-01,AAPL,0.12120414525270462,0.023417115211486816
2022-04-04,AAPL,0.12120246142148972,-0.019123665988445282
2022-04-05,AAPL,0.12120061367750168,-0.01862313225865364
2022-04-06,AAPL,0.12119333446025848,0.001802469021640718
2022-04-07,AAPL,0.12119290977716446,-0.011980408802628517
2022-04-08,AAPL,0.12119434773921967,-0.02584705874323845
2022-04-11,AAPL,0.12119162827730179,0.011457512155175209
2022-04-12,AAPL,0.12119153141975403,0.016210436820983887
2022-04-13,AAPL,0.12119148671627045,-0.030447112396359444
2022-04-14,AAPL,0.12119186669588089,-0.0013317955890670419
2022-04-18,AAPL,0.12119178473949432,0.014016451314091682
2022-04-19,AAPL,0.12119110673666,-0.0010160367237403989
2022-04-20,AAPL,0.12119194120168686,-0.00485538225620985
2022-04-21,AAPL,0.12119177728891373,-0.028215546160936356
2022-04-22,AAPL,0.12118767946958542,0.006714606657624245
2022-04-25,AAPL,0.12118726968765259,-0.03804263472557068
2022-04-26,AAPL,0.12119262665510178,-0.001467886264435947
2022-04-27,AAPL,0.12119240313768387,0.04416564851999283
2022-04-28,AAPL,0.1211928129196167,-0.03729154169559479
2022-04-29,AAPL,0.12119030207395554,0.0019645316060632467
2022-05-02,AAPL,0.12119023501873016,0.009576616808772087
2022-05-03,AAPL,0.12118909507989883,0.04018979147076607
2022-05-04,AAPL,0.12118912488222122,-0.05732849985361099
2022-05-05,AAPL,0.12118776142597198,0.0032478582579642534
2022-05-06,AAPL,0.12118770182132721,-0.03375248610973358
2022-05-09,AAPL,0.1211865022778511,0.015983620658516884
2022-05-10,AAPL,0.12118597328662872,-0.05323335528373718
2022-05-11,AAPL,0.12118558585643768,-0.027262480929493904
2022-05-12,AAPL,0.12118495255708694,0.031417664140462875
2022-05-13,AAPL,0.12118466943502426,-0.010729693807661533
2022-05-16,AAPL,0.12118439376354218,0.025104869157075882
2022-05-17,AAPL,0.12118449062108994,-0.0580732524394989
2022-05-18,AAPL,0.1211831122636795,-0.024950074031949043
2022-05-19,AAPL,0.1211821585893631,0.0017457648646086454
2022-05-20,AAPL,0.12118178606033325,0.03933534771203995
2022-05-23,AAPL,0.12118177115917206,-0.019403014332056046
2022-05-24,AAPL,0.12118209153413773,0.0011393027380108833
2022-05-25,AAPL,0.12118098139762878,0.022934487089514732
2022-05-26,AAPL,0.12118031829595566,0.03994806110858917
2022-05-27,AAPL,0.12118077278137207,-0.0053605264984071255
2022-05-31,AAPL,0.12118200957775116,-0.0008737330208532512
2022-06-01,AAPL,0.1211809441447258,0.016671497374773026
2022-06-02,AAPL,0.12118101865053177,-0.03931860625743866
2022-06-03,AAPL,0.12118016183376312,0.00521402433514595
2022-06-06,AAPL,0.12118064612150192,0.017433084547519684
2022-06-07,AAPL,0.12118249386548996,-0.00505613349378109
2022-06-08,AAPL,0.1211836114525795,-0.03661804273724556
2022-06-09,AAPL,0.12118525058031082,-0.0393945537507534
2022-06-10,AAPL,0.12118492275476456,-0.039036963135004044
2022-06-13,AAPL,0.12118235230445862,0.006650490220636129
2022-06-14,AAPL,0.12118201702833176,0.019911902025341988
2022-06-15,AAPL,0.121181920170784,-0.040458984673023224
2022-06-16,AAPL,0.12118150293827057,0.01146713923662901
2022-06-17,AAPL,0.12118293344974518,0.03223550692200661
2022-06-21,AAPL,0.12118073552846909,-0.0038344492204487324
2022-06-22,AAPL,0.12118109315633774,0.021344264969229698
2022-06-23,AAPL,0.1211819127202034,0.024221519008278847
2022-06-24,AAPL,0.12118035554885864,0.0
2022-06-27,AAPL,0.12118056416511536,-0.030242370441555977
2022-06-28,AAPL,0.12118102610111237,0.012939735315740108
2022-06-29,AAPL,0.12118055671453476,-0.018192162737250328
2022-06-30,AAPL,0.12118130922317505,0.016035107895731926
2022-07-01,AAPL,0.12118173390626907,0.018753482028841972
2022-07-05,AAPL,0.1211814433336258,0.009561382234096527
2022-07-06,AAPL,0.12118174880743027,0.02371603436768055
2022-07-07,AAPL,0.12118185311555862,0.004703558050096035
2022-07-08,AAPL,0.1211828961968422,-0.014867858029901981
2022-07-11,AAPL,0.12118253111839294,0.00681050680577755
2022-07-12,AAPL,0.1211809366941452,-0.0025398682337254286
2022-07-13,AAPL,0.12118068337440491,0.020275533199310303
2022-07-14,AAPL,0.12117999792098999,0.011385047808289528
2022-07-15,AAPL,0.12117975205183029,-0.020859260112047195
2022-07-18,AAPL,0.12117958813905716,0.026371123269200325
2022-07-19,AAPL,0.12118171155452728,0.013419444672763348
2022-07-20,AAPL,0.12118344753980637,0.014981393702328205
2022-07-21,AAPL,0.12118493020534515,-0.008143851533532143
2022-07-22,AAPL,0.12118472903966904,-0.007425772957503796
2022-07-25,AAPL,0.1211848258972168,-0.008865537121891975
2022-07-26,AAPL,0.1211831197142601,0.033661775290966034
2022-07-27,AAPL,0.121185302734375,0.0035653747618198395
2022-07-28,AAPL,0.12118556350469589,0.03226684406399727
2022-07-29,AAPL,0.12118818610906601,-0.006172478199005127
2022-08-01,AAPL,0.12118939310312271,-0.0093307476490736
2022-08-02,AAPL,0.12119133025407791,0.03753436356782913
2022-08-03,AAPL,0.12119107693433762,-0.0019281039712950587
2022-08-04,AAPL,0.12119100987911224,-0.002778063528239727
2022-08-05,AAPL,0.12119198590517044,-0.0029072214383631945
2022-08-08,AAPL,0.12119160592556,0.00030324177350848913
2022-08-09,AAPL,0.12119058519601822,0.025857361033558846
2022-08-10,AAPL,0.12119120359420776,-0.004441424738615751
2022-08-11,AAPL,0.12119202315807343,0.0211993046104908
2022-08-12,AAPL,0.12119267880916595,0.006313533056527376
2022-08-15,AAPL,0.12119670957326889,-0.0009242890519089997
2022-08-16,AAPL,0.12119735032320023,0.008746268227696419
2022-08-17,AAPL,0.12119605392217636,-0.002294289181008935
2022-08-18,AAPL,0.12119640409946442,-0.015217059291899204
2022-08-19,AAPL,0.12119679152965546,-0.023298684507608414
2022-08-22,AAPL,0.12119485437870026,-0.0020311332773417234
2022-08-23,AAPL,0.12119454890489578,0.0017923475243151188
2022-08-24,AAPL,0.121194988489151,0.014812452718615532
2022-08-25,AAPL,0.12119463086128235,-0.03842824697494507
2022-08-26,AAPL,0.1211903989315033,-0.013784773647785187
2022-08-29,AAPL,0.12119023501873016,-0.015423835255205631
2022-08-30,AAPL,0.12118960171937943,-0.010691921226680279
2022-08-31,AAPL,0.12118887156248093,0.004695772659033537
2022-09-01,AAPL,0.12118860334157944,-0.013704578392207623
2022-09-02,AAPL,0.12118873745203018,-0.008249056525528431
2022-09-06,AAPL,0.12118928879499435,0.009211363270878792
2022-09-07,AAPL,0.12118909507989883,-0.009664400480687618
2022-09-08,AAPL,0.12118888646364212,0.018664482980966568
2022-09-09,AAPL,0.1211877092719078,0.03778503090143204
2022-09-12,AAPL,0.12118840217590332,-0.06047164276242256
2022-09-13,AAPL,0.12118782848119736,0.009510026313364506
2022-09-14,AAPL,0.1211867481470108,-0.01911136321723461
2022-09-15,AAPL,0.1211814284324646,-0.011020655743777752
2022-09-16,AAPL,0.12118051201105118,0.024773525074124336
2022-09-19,AAPL,0.12117794156074524,0.015544010326266289
2022-09-20,AAPL,0.12117750197649002,-0.020475847646594048
2022-09-21,AAPL,0.12118325382471085,-0.006395608186721802
2022-09-22,AAPL,0.1211826503276825,-0.015239354223012924
2022-09-23,AAPL,0.12118137627840042,0.0022577140480279922
2022-09-26,AAPL,0.12118121981620789,0.006544764153659344
2022-09-27,AAPL,0.12118247896432877,-0.012732255272567272
2022-09-28,AAPL,0.12117982655763626,-0.05036642402410507
2022-09-29,AAPL,0.12118488550186157,-0.030499719083309174
2022-09-30,AAPL,0.12119227647781372,0.030289150774478912
2022-10-03,AAPL,0.12117871642112732,0.025300320237874985
2022-10-04,AAPL,0.12117492407560349,0.002051199320703745
2022-10-05,AAPL,0.12117485702037811,-0.006647739093750715
2022-10-06,AAPL,0.12117508798837662,-0.03740977495908737
2022-10-07,AAPL,0.12117708474397659,0.0023528714664280415
2022-10-10,AAPL,0.12117724865674973,-0.010307911783456802
2022-10-11,AAPL,0.12117591500282288,-0.0046156104654073715
2022-10-12,AAPL,0.1211753562092781,0.03306033834815025
2022-10-13,AAPL,0.1211719959974289,-0.03277117758989334
2022-10-14,AAPL,0.12117243558168411,0.028706688433885574
2022-10-17,AAPL,0.1211731806397438,0.009365432895720005
2022-10-18,AAPL,0.12117350101470947,0.0007649289909750223
2022-10-19,AAPL,0.12117309123277664,-0.0032724221237003803
2022-10-20,AAPL,0.12117266654968262,0.026699479669332504
2022-10-21,AAPL,0.12117332965135574,0.014694202691316605
2022-10-24,AAPL,0.1211729347705841,0.019152972847223282
2022-10-25,AAPL,0.12117335200309753,-0.01982225477695465
2022-10-26,AAPL,0.12117453664541245,-0.03093908540904522
2022-10-27,AAPL,0.12117854505777359,0.07283448427915573
2022-10-28,AAPL,0.12117905169725418,-0.015530331060290337
2022-10-31,AAPL,0.1211787760257721,-0.01769842952489853
2022-11-01,AAPL,0.12117921561002731,-0.038018614053726196
2022-11-02,AAPL,0.12117716670036316,-0.043330322951078415
2022-11-03,AAPL,0.12117692828178406,-0.003606726648285985
2022-11-04,AAPL,0.12117574363946915,0.003894655266776681
2022-11-07,AAPL,0.12117575854063034,0.004166386555880308
2022-11-08,AAPL,0.12117616087198257,-0.03375328704714775
2022-11-09,AAPL,0.12117554992437363,0.08523648977279663
2022-11-10,AAPL,0.12117519229650497,0.019085463136434555
2022-11-11,AAPL,0.12117656320333481,-0.009530900977551937
2022-11-14,AAPL,0.12117674946784973,0.011799510568380356
2022-11-15,AAPL,0.12117811292409897,-0.008366010151803493
2022-11-16,AAPL,0.1211782917380333,0.01288794819265604
2022-11-17,AAPL,0.12117793411016464,0.003774661337956786
2022-11-18,AAPL,0.12117874622344971,-0.021918678656220436
2022-11-21,AAPL,0.12117858231067657,0.014554724097251892
2022-11-22,AAPL,0.12117929011583328,0.005908828228712082
2022-11-23,AAPL,0.12118066847324371,-0.01978810876607895
2022-11-25,AAPL,0.12118011713027954,-0.02661532536149025
2022-11-28,AAPL,0.12117882817983627,-0.02137509547173977
2022-11-29,AAPL,0.12117874622344971,0.047450121492147446
2022-11-30,AAPL,0.12118029594421387,0.0018897135742008686
2022-12-01,AAPL,0.12117850035429001,-0.003377012675628066
2022-12-02,AAPL,0.12117898464202881,-0.008015208877623081
2022-12-05,AAPL,0.12117841839790344,-0.02569735236465931
2022-12-06,AAPL,0.1211777999997139,-0.013880802318453789
2022-12-07,AAPL,0.12117983400821686,0.012059750035405159
2022-12-08,AAPL,0.12117710709571838,-0.003440825268626213
2022-12-09,AAPL,0.12117849290370941,0.01625712960958481
2022-12-12,AAPL,0.12117829918861389,0.0067595490254461765
2022-12-13,AAPL,0.12117820233106613,-0.015657756477594376
2022-12-14,AAPL,0.1211792379617691,-0.04798751696944237
2022-12-15,AAPL,0.12117934226989746,-0.014686109498143196
2022-12-16,AAPL,0.1211782917380333,-0.016037510707974434
2022-12-19,AAPL,0.12117910385131836,-0.0005289006512612104
2022-12-20,AAPL,0.12118008732795715,0.023530451580882072
2022-12-21,AAPL,0.12117902934551239,-0.024059748277068138
2022-12-22,AAPL,0.12118213623762131,-0.002802039962261915
2022-12-23,AAPL,0.12117988616228104,-0.013975574634969234
2022-12-27,AAPL,0.12117991596460342,-0.03116585873067379
2022-12-28,AAPL,0.1211807057261467,0.027930622920393944
2022-12-29,AAPL,0.12118250876665115,0.0024658413603901863
2022-12-30,AAPL,0.12118229269981384,-0.038122210651636124
2023-01-03,AAPL,0.12118392437696457,0.01026140246540308
2023-01-04,AAPL,0.12118595093488693,-0.010661283507943153
2023-01-05,AAPL,0.1211857795715332,0.036133356392383575
2023-01-06,AAPL,0.12117581069469452,0.004080529324710369
2023-01-09,AAPL,0.12117688357830048,0.004446510225534439
2023-01-10,AAPL,0.12117920815944672,0.020892515778541565
2023-01-11,AAPL,0.12119028717279434,-0.0005994891980662942
2023-01-12,AAPL,0.12118130922317505,0.010068257339298725
2023-01-13,AAPL,0.12118354439735413,0.008718252182006836
2023-01-17,AAPL,0.121181920170784,-0.005384454969316721
2023-01-18,AAPL,0.12117800861597061,0.000443637662101537
2023-01-19,AAPL,0.1211749017238617,0.0190383642911911
2023-01-20,AAPL,0.12117546796798706,0.023228555917739868
2023-01-23,AAPL,0.12117700278759003,0.010012762621045113
2023-01-24,AAPL,0.12117567658424377,-0.00471183517947793
2023-01-25,AAPL,0.1211763247847557,0.01469486951828003
2023-01-26,AAPL,0.12118026614189148,0.01359147485345602
2023-01-27,AAPL,0.12118003517389297,-0.020282374694943428
2023-01-30,AAPL,0.12118012458086014,0.008980486541986465
2023-01-31,AAPL,0.12118092179298401,0.007869703695178032
2023-02-01,AAPL,0.12118247151374817,0.03639230132102966
2023-02-02,AAPL,0.12118584662675858,0.02410697564482689
2023-02-03,AAPL,0.12118590623140335,-0.01809149980545044
2023-02-06,AAPL,0.1211860328912735,0.01906186155974865
2023-02-07,AAPL,0.1211874932050705,-0.017810404300689697
2023-02-08,AAPL,0.1211775466799736,-0.006935548037290573
2023-02-09,AAPL,0.12117619067430496,0.0009275168995372951
2023-02-10,AAPL,0.12117615342140198,0.01863211765885353
2023-02-13,AAPL,0.12117572128772736,-0.004233904182910919
2023-02-14,AAPL,0.1211756020784378,0.013807659968733788
2023-02-15,AAPL,0.12117611616849899,-0.01048414409160614
2023-02-16,AAPL,0.1211790069937706,-0.0075753228738904
2023-02-17,AAPL,0.12117810547351837,-0.027042191475629807
2023-02-21,AAPL,0.12118522077798843,0.002891880925744772
2023-02-22,AAPL,0.12118455767631531,0.0032851106952875853
2023-02-23,AAPL,0.12118491530418396,-0.018169336020946503
2023-02-24,AAPL,0.12118733674287796,0.008213680237531662
2023-02-27,AAPL,0.12118741124868393,-0.003453729907050729
2023-02-28,AAPL,0.1211887001991272,-0.014348470605909824
2023-03-01,AAPL,0.1211804449558258,0.004120643716305494
2023-03-02,AAPL,0.12117692828178406,0.03448846563696861
2023-03-03,AAPL,0.12118447571992874,0.018369624391198158
2023-03-06,AAPL,0.12118440866470337,-0.014602595008909702
2023-03-07,AAPL,0.12118542194366455,0.008342341519892216
2023-03-08,AAPL,0.1211845800280571,-0.015026967041194439
2023-03-09,AAPL,0.12118403613567352,-0.013975929468870163
2023-03-10,AAPL,0.12118420004844666,0.013178778812289238
2023-03-13,AAPL,0.12118089199066162,0.013990825042128563
2023-03-14,AAPL,0.12118767201900482,0.0026180336717516184
2023-03-15,AAPL,0.12117432057857513,0.018521450459957123
2023-03-16,AAPL,0.12117432057857513,-0.005468928255140781
2023-03-17,AAPL,0.1211756244301796,0.015365180559456348
2023-03-20,AAPL,0.1211753785610199,0.011873355135321617
2023-03-21,AAPL,0.12117438018321991,-0.00914513599127531
2023-03-22,AAPL,0.12117371708154678,0.0069452915340662
2023-03-23,AAPL,0.12117418646812439,0.008271288126707077
2023-03-24,AAPL,0.12117491662502289,-0.012369487434625626
2023-03-27,AAPL,0.12117740511894226,-0.003988261334598064
2023-03-28,AAPL,0.12117689847946167,0.019597452133893967
2023-03-29,AAPL,0.1211777999997139,0.009841296821832657
2023-03-30,AAPL,0.12118570506572723,0.015523096546530724
2023-03-31,AAPL,0.12119227647781372,0.007672157138586044
2023-04-03,AAPL,0.1211860403418541,-0.003254935145378113
2023-04-04,AAPL,0.1211840957403183,-0.011354506947100163
2023-04-05,AAPL,0.12117970734834671,0.005480856169015169
2023-04-06,AAPL,0.12118184566497803,-0.01610126905143261
2023-04-10,AAPL,0.12118126451969147,-0.007620119955390692
2023-04-11,AAPL,0.12118111550807953,-0.0043627177365124226
2023-04-12,AAPL,0.12117889523506165,0.03353499248623848
2023-04-13,AAPL,0.12117944657802582,-0.0021162196062505245
2023-04-14,AAPL,0.12118057906627655,0.00012098422303097323
2023-04-17,AAPL,0.12118159234523773,0.007476703729480505
2023-04-18,AAPL,0.12118653208017349,0.006944078486412764
2023-04-19,AAPL,0.12117435038089752,-0.005863430444151163
2023-04-20,AAPL,0.1211695522069931,-0.009829063899815083
2023-04-21,AAPL,0.12116974592208862,0.0018767830915749073
2023-04-24,AAPL,0.12116923928260803,-0.009480456821620464
2023-04-25,AAPL,0.12117254734039307,-6.112274422775954e-05
2023-04-26,AAPL,0.12117345631122589,0.027999596670269966
2023-04-27,AAPL,0.1211739107966423,0.007512762676924467
2023-04-28,AAPL,0.12117484211921692,-0.0005305293016135693
2023-05-01,AAPL,0.12117510288953781,-0.006210667081177235
2023-05-02,AAPL,0.12117880582809448,-0.006488289684057236
2023-05-03,AAPL,0.1211908832192421,-0.009962894022464752
2023-05-04,AAPL,0.12118828296661377,0.04585913196206093
2023-05-05,AAPL,0.1211872473359108,-0.00040341904968954623
2023-05-08,AAPL,0.12118920683860779,-0.010021202266216278
2023-05-09,AAPL,0.12118758261203766,0.010366949252784252
2023-05-10,AAPL,0.12117691338062286,0.0010941375512629747
2023-05-11,AAPL,0.12117728590965271,-0.0068144905380904675
2023-05-12,AAPL,0.12117858231067657,-0.0029015804175287485
2023-05-15,AAPL,0.121180459856987,0.0
2023-05-16,AAPL,0.12118087708950043,0.003596680471673608
2023-05-17,AAPL,0.12117982655763626,0.013573571108281612
2023-05-18,AAPL,0.12117989361286163,0.0006281980313360691
2023-05-19,AAPL,0.12117987871170044,-0.005495816003531218
2023-05-22,AAPL,0.12118770182132721,-0.015271001495420933
2023-05-23,AAPL,0.12118755280971527,0.0016307445475831628
2023-05-24,AAPL,0.12118615210056305,0.006670031230896711
2023-05-25,AAPL,0.12118922173976898,0.014006240293383598
2023-05-26,AAPL,0.12118948996067047,0.010603168979287148
2023-05-30,AAPL,0.12119949609041214,-0.0002820648660417646
2023-05-31,AAPL,0.12119937688112259,0.01589553989470005
2023-06-01,AAPL,0.1211993619799614,0.004764027427881956
2023-06-02,AAPL,0.1211966872215271,-0.007599931675940752
2023-06-05,AAPL,0.12119757384061813,-0.0020624613389372826
2023-06-06,AAPL,0.12119811773300171,-0.007786496076732874
2023-06-07,AAPL,0.12119681388139725,0.015346710570156574
2023-06-08,AAPL,0.12119688838720322,0.0021574946586042643
2023-06-09,AAPL,0.12119951099157333,0.015517715364694595
2023-06-12,AAPL,0.12120100110769272,-0.002615069504827261
2023-06-13,AAPL,0.12120333313941956,0.0034852696117013693
2023-06-14,AAPL,0.12120530009269714,0.011136441491544247
2023-06-15,AAPL,0.121205635368824,-0.005877117160707712
2023-06-16,AAPL,0.1212058737874031,0.00048655876889824867
2023-06-20,AAPL,0.12119659781455994,-0.005691468715667725
2023-06-21,AAPL,0.12119471281766891,0.01639023795723915
2023-06-22,AAPL,0.12120537459850311,-0.0017127350438386202
2023-06-23,AAPL,0.12120421230792999,-0.0075816381722688675
2023-06-26,AAPL,0.12120305001735687,0.014946804381906986
2023-06-27,AAPL,0.12120428681373596,0.006307844538241625
2023-06-28,AAPL,0.12119471281766891,0.0017949341563507915
2023-06-29,AAPL,0.12119507789611816,0.022839687764644623
2023-06-30,AAPL,0.12119701504707336,-0.00781513936817646
2023-07-03,AAPL,0.12119653820991516,-0.005888679530471563
2023-07-05,AAPL,0.12119702249765396,0.0025055904407054186
2023-07-06,AAPL,0.12120652943849564,-0.005908694118261337
2023-07-07,AAPL,0.12120471894741058,-0.010915197432041168
2023-07-10,AAPL,0.12119422852993011,-0.0028139802161604166
2023-07-11,AAPL,0.1211949810385704,0.008945421315729618
2023-07-12,AAPL,0.12119755148887634,0.004049276001751423
2023-07-13,AAPL,0.12120553106069565,0.0007869746186770499
2023-07-14,AAPL,0.12119724601507187,0.017157554626464844
2023-07-17,AAPL,0.12120727449655533,-0.0013412246480584145
2023-07-18,AAPL,0.12120698392391205,0.007046863902360201
2023-07-19,AAPL,0.12119933217763901,-0.010148716159164906
2023-07-20,AAPL,0.12119999527931213,-0.006180726457387209
2023-07-21,AAPL,0.12119843810796738,0.00421117665246129
2023-07-24,AAPL,0.12119980156421661,0.0045034377835690975
2023-07-25,AAPL,0.1211957186460495,0.004534712992608547
2023-07-26,AAPL,0.12119502574205399,-0.006602720823138952
2023-07-27,AAPL,0.1211896538734436,0.013417502865195274
2023-07-28,AAPL,0.12119762599468231,0.0031609851866960526
2023-07-31,AAPL,0.12119022756814957,-0.004285046365112066
2023-08-01,AAPL,0.12119042128324509,-0.015611222945153713
2023-08-02,AAPL,0.12119768559932709,-0.007348586339503527
2023-08-03,AAPL,0.12119754403829575,-0.049211304634809494
2023-08-04,AAPL,0.12119876593351364,-0.01740427128970623
2023-08-07,AAPL,0.12118697911500931,0.005297639407217503
2023-08-08,AAPL,0.12118746340274811,-0.008994728326797485
2023-08-09,AAPL,0.12118703871965408,-0.0012354068458080292
2023-08-10,AAPL,0.12118760496377945,-0.0010119628859683871
2023-08-11,AAPL,0.12118741869926453,0.009349338710308075
2023-08-14,AAPL,0.12118864804506302,-0.011263517662882805
2023-08-15,AAPL,0.1211879774928093,-0.004971422255039215
2023-08-16,AAPL,0.12118706852197647,-0.014662140980362892
2023-08-17,AAPL,0.121187724173069,0.002812165766954422
2023-08-18,AAPL,0.12118729203939438,0.007707004901021719
2023-08-21,AAPL,0.12118726968765259,0.007873830385506153
2023-08-22,AAPL,0.12118450552225113,0.02171146869659424
2023-08-23,AAPL,0.12118800729513168,-0.026518981903791428
2023-08-24,AAPL,0.12118649482727051,0.012563874945044518
2023-08-25,AAPL,0.12118640542030334,0.008807201869785786
2023-08-28,AAPL,0.12118665874004364,0.02157582901418209
2023-08-29,AAPL,0.12118902802467346,0.01899079978466034
2023-08-30,AAPL,0.12118912488222122,0.0011717152083292603
2023-08-31,AAPL,0.1211901605129242,0.008427747525274754
2023-09-01,AAPL,0.12119248509407043,0.001265904982574284
2023-09-05,AAPL,0.12119249254465103,-0.0364496111869812
2023-09-06,AAPL,0.1211671531200409,-0.02968568168580532
2023-09-07,AAPL,0.12116805464029312,0.003485667984932661
2023-09-08,AAPL,0.12116806954145432,0.00660072872415185
2023-09-11,AAPL,0.12116845697164536,-0.017207855358719826
2023-09-12,AAPL,0.12116970866918564,-0.011925600469112396
2023-09-13,AAPL,0.12116990983486176,0.008744155056774616
2023-09-14,AAPL,0.12116888910531998,-0.004162577446550131
2023-09-15,AAPL,0.12116929143667221,0.016771920025348663
2023-09-18,AAPL,0.12117021530866623,0.006161828059703112
2023-09-19,AAPL,0.12117268145084381,-0.02019473910331726
2023-09-20,AAPL,0.12117589265108109,-0.008929215371608734
2023-09-21,AAPL,0.12118136137723923,0.004932337440550327
2023-09-22,AAPL,0.12118194997310638,0.007353232707828283
2023-09-25,AAPL,0.12118081748485565,-0.023676516488194466
2023-09-26,AAPL,0.12119012326002121,-0.008937318809330463
2023-09-27,AAPL,0.12118001282215118,0.0015244478126987815
2023-09-28,AAPL,0.12117976695299149,0.0030418522655963898
2023-09-29,AAPL,0.12118106335401535,0.01472657173871994
2023-10-02,AAPL,0.12117354571819305,-0.007800161838531494
2023-10-03,AAPL,0.12117993086576462,0.007282062899321318
2023-10-04,AAPL,0.12117936462163925,0.007172191049903631
2023-10-05,AAPL,0.12117299437522888,0.014642723836004734
2023-10-06,AAPL,0.1211724802851677,0.008415669202804565
2023-10-09,AAPL,0.12117059528827667,-0.0033578076399862766
2023-10-10,AAPL,0.1211700290441513,0.007872977294027805
2023-10-11,AAPL,0.12116901576519012,0.005048434715718031
2023-10-12,AAPL,0.12116915732622147,-0.010346073657274246
2023-10-13,AAPL,0.12117047607898712,-0.0007271576905623078
2023-10-16,AAPL,0.12116777151823044,-0.008823545649647713
2023-10-17,AAPL,0.12116790562868118,-0.007422327063977718
2023-10-18,AAPL,0.12116830050945282,-0.0021633347496390343
2023-10-19,AAPL,0.121170774102211,-0.014813394285738468
2023-10-20,AAPL,0.12117460370063782,0.0006938540609553456
2023-10-23,AAPL,0.12116996943950653,0.0025401378516107798
2023-10-24,AAPL,0.12117265164852142,-0.013583515770733356
2023-10-25,AAPL,0.12117888033390045,-0.024913307279348373
2023-10-26,AAPL,0.12118567526340485,0.00793774425983429
2023-10-27,AAPL,0.12118544429540634,0.012230172753334045
2023-10-30,AAPL,0.121177539229393,0.0028148202691227198
2023-10-31,AAPL,0.12117808312177658,0.018565230071544647
2023-11-01,AAPL,0.12117432802915573,0.020482061430811882
2023-11-02,AAPL,0.12117191404104233,-0.005194599274545908
2023-11-03,AAPL,0.12117205560207367,0.014499533921480179
2023-11-06,AAPL,0.12117163836956024,0.01434735395014286
2023-11-07,AAPL,0.1211709976196289,0.005867648869752884
2023-11-08,AAPL,0.121175616979599,-0.002627955051138997
2023-11-09,AAPL,0.12117155641317368,0.021637948229908943
2023-11-10,AAPL,0.1211748868227005,-0.00862069334834814
2023-11-13,AAPL,0.12117568403482437,0.014184631407260895
2023-11-14,AAPL,0.12117583304643631,0.0030363164842128754
2023-11-15,AAPL,0.12117708474397659,0.009001501835882664
2023-11-16,AAPL,0.12117865681648254,-0.0001054521490004845
2023-11-17,AAPL,0.12117429077625275,0.009235488250851631
2023-11-20,AAPL,0.12117501348257065,-0.004239832516759634
2023-11-21,AAPL,0.12117506563663483,0.003508306574076414
2023-11-22,AAPL,0.12117649614810944,-0.007028964813798666
2023-11-24,AAPL,0.12117718905210495,-0.0009480090229772031
2023-11-27,AAPL,0.12117668241262436,0.003208928043022752
2023-11-28,AAPL,0.12117687612771988,-0.005424342583864927
2023-11-29,AAPL,0.12117724865674973,0.0030581161845475435
2023-11-30,AAPL,0.12117867171764374,0.006768349092453718
2023-12-01,AAPL,0.12118285894393921,-0.00950968824326992
2023-12-04,AAPL,0.1211930587887764,0.020844455808401108
2023-12-05,AAPL,0.12118209898471832,-0.005703291390091181
2023-12-06,AAPL,0.12118218839168549,0.01008827704936266
2023-12-07,AAPL,0.12118304520845413,0.007385040167719126
2023-12-08,AAPL,0.12118417769670486,-0.013011647388339043
2023-12-11,AAPL,0.12118055671453476,0.007888947613537312
2023-12-12,AAPL,0.12118150293827057,0.016553716734051704
2023-12-13,AAPL,0.12118571251630783,0.0007574110641144216
2023-12-14,AAPL,0.12118396908044815,-0.0027294461615383625
2023-12-15,AAPL,0.12118098884820938,-0.008539714850485325
2023-12-18,AAPL,0.12118423730134964,0.005345852114260197
2023-12-19,AAPL,0.12118493765592575,-0.010771733708679676
2023-12-20,AAPL,0.12118053436279297,-0.0007702455040998757
2023-12-21,AAPL,0.12118065357208252,-0.005562941078096628
2023-12-22,AAPL,0.12118111550807953,-0.0028449678793549538
2023-12-26,AAPL,0.12118116766214371,0.0005178190185688436
2023-12-27,AAPL,0.1211850717663765,0.002223815768957138
2023-12-28,AAPL,0.12118162214756012,-0.0054388935677707195
2023-12-29,AAPL,0.12118536233901978,-0.03644266724586487
2024-01-02,AAPL,0.12118124216794968,-0.007515780162066221
2024-01-03,AAPL,0.12118422240018845,-0.01278145145624876
2024-01-04,AAPL,0.1211838349699974,-0.00402110768482089
2024-01-05,AAPL,0.12118332833051682,0.02388729527592659
2024-01-08,AAPL,0.12118428945541382,-0.0022659744136035442
2024-01-09,AAPL,0.12118460237979889,0.005655378568917513
2024-01-10,AAPL,0.12118484824895859,-0.0032277510035783052
2024-01-11,AAPL,0.12118583917617798,0.0017765439115464687
2024-01-12,AAPL,0.12118680775165558,-0.012393573299050331
2024-01-16,AAPL,0.12118733674287796,-0.0051869419403374195
2024-01-17,AAPL,0.12118729203939438,0.03205150365829468
2024-01-18,AAPL,0.12118814885616302,0.015413612127304077
2024-01-19,AAPL,0.121195487678051,0.012089922092854977
2024-01-22,AAPL,0.12119020521640778,0.006631187163293362
2024-01-23,AAPL,0.12119310349225998,-0.0034900091122835875
2024-01-24,AAPL,0.12118420749902725,-0.0016981085063889623
2024-01-25,AAPL,0.12118709832429886,-0.009053581394255161
2024-01-26,AAPL,0.12118709832429886,-0.0035923633258789778
2024-01-29,AAPL,0.12118644267320633,-0.019433438777923584
2024-01-30,AAPL,0.12118596583604813,-0.019547391682863235
2024-01-31,AAPL,0.12118557095527649,0.013252398930490017
2024-02-01,AAPL,0.12118681520223618,-0.005419746972620487
2024-02-02,AAPL,0.12117300927639008,0.009798415936529636
2024-02-05,AAPL,0.12117165327072144,0.008594728074967861
2024-02-06,AAPL,0.121171735227108,0.0005809226422570646
2024-02-07,AAPL,0.12117177248001099,-0.005771314725279808
2024-02-08,AAPL,0.12117140740156174,0.0028103990480303764
2024-02-09,AAPL,0.12117049098014832,-0.009042679332196712
2024-02-12,AAPL,0.12117135524749756,-0.01133842021226883
2024-02-13,AAPL,0.12117315083742142,-0.004821371752768755
2024-02-14,AAPL,0.12117477506399155,-0.001576008042320609
2024-02-15,AAPL,0.12117419391870499,-0.008466080762445927
2024-02-16,AAPL,0.12117471545934677,-0.004122357349842787
2024-02-20,AAPL,0.12117625772953033,0.004177261143922806
2024-02-21,AAPL,0.12117332220077515,0.011181156150996685
2024-02-22,AAPL,0.12117332220077515,-0.010084802284836769
2024-02-23,AAPL,0.12117375433444977,-0.007479140534996986
2024-02-26,AAPL,0.12117533385753632,0.008081636391580105
2024-02-27,AAPL,0.12117484956979752,-0.006647499743849039
2024-02-28,AAPL,0.12117674946784973,-0.003699914086610079
2024-02-29,AAPL,0.12117570638656616,-0.006048664916306734
2024-03-01,AAPL,0.12117611616849899,-0.025708921253681183
2024-03-04,AAPL,0.1211731880903244,-0.02885323204100132
2024-03-05,AAPL,0.1211731880903244,-0.00589554850012064
2024-03-06,AAPL,0.12117309868335724,-0.0007097783382050693
2024-03-07,AAPL,0.12117171287536621,0.010184621438384056
2024-03-08,AAPL,0.1211714893579483,0.011762126348912716
2024-03-11,AAPL,0.12117089331150055,0.0027747040148824453
2024-03-12,AAPL,0.12117142975330353,-0.012196636758744717
2024-03-13,AAPL,0.1211715042591095,0.010868064127862453
2024-03-14,AAPL,0.12117228657007217,-0.0021989759989082813
2024-03-15,AAPL,0.12117165327072144,0.006352195981889963
2024-03-18,AAPL,0.1211719810962677,0.013493632897734642
2024-03-19,AAPL,0.1211724653840065,0.014602070674300194
2024-03-20,AAPL,0.12117330729961395,-0.0417155846953392
2024-03-21,AAPL,0.12117176502943039,0.0052961199544370174
2024-03-22,AAPL,0.12117096781730652,-0.008335039019584656
2024-03-25,AAPL,0.12117096036672592,-0.006694876588881016
2024-03-26,AAPL,0.12117121368646622,0.020990746095776558
2024-03-27,AAPL,0.12117106467485428,-0.010615267790853977
2024-03-28,AAPL,0.12117042392492294,-0.00849173218011856
2024-04-01,AAPL,0.12118477374315262,-0.007023385725915432
2024-04-02,AAPL,0.1211841031908989,0.004785955883562565
2024-04-03,AAPL,0.12118334323167801,-0.004904353525489569
2024-04-04,AAPL,0.12118402868509293,0.004491700790822506
2024-04-05,AAPL,0.1211843267083168,-0.006685851141810417
2024-04-08,AAPL,0.12118407338857651,0.007216411642730236
2024-04-09,AAPL,0.12118405103683472,-0.011201772838830948
2024-04-10,AAPL,0.121183842420578,0.04236089065670967
2024-04-11,AAPL,0.12118319422006607,0.008589658886194229
2024-04-12,AAPL,0.12118273228406906,-0.022106045857071877
2024-04-15,AAPL,0.1211819276213646,-0.01935335248708725
2024-04-16,AAPL,0.1211831271648407,-0.008180760778486729
2024-04-17,AAPL,0.12118320167064667,-0.005730715114623308
2024-04-18,AAPL,0.12118256092071533,-0.012287790887057781
2024-04-19,AAPL,0.12118282914161682,0.005077972076833248
2024-04-22,AAPL,0.12118285149335861,0.006371348164975643
2024-04-23,AAPL,0.12118227779865265,0.012622281908988953
2024-04-24,AAPL,0.1211831346154213,0.005134088918566704
2024-04-25,AAPL,0.12118223309516907,-0.003478857921436429
2024-04-26,AAPL,0.12118247896432877,0.024505292996764183
2024-04-29,AAPL,0.12118275463581085,-0.01843985728919506
2024-04-30,AAPL,0.12118199467658997,-0.006065435241907835
2024-05-01,AAPL,0.12118248641490936,0.02179267629981041
2024-05-02,AAPL,0.12118175625801086,0.0580955445766449
2024-05-03,AAPL,0.12118169665336609,-0.009148482233285904
2024-05-06,AAPL,0.12118185311555862,0.003789997659623623
2024-05-07,AAPL,0.12118225544691086,0.0018623634241521358
2024-05-08,AAPL,0.12118266522884369,0.00996442697942257
2024-05-09,AAPL,0.12118453532457352,-0.0082694785669446
2024-05-10,AAPL,0.12118463218212128,0.017491554841399193
2024-05-13,AAPL,0.12118451297283173,0.006154491566121578
2024-05-14,AAPL,0.1211850643157959,0.012143904343247414
2024-05-15,AAPL,0.12118514627218246,0.0006322853732854128
2024-05-16,AAPL,0.12118607014417648,0.00015800890105310827
2024-05-17,AAPL,0.12118426710367203,0.0061431932263076305
2024-05-20,AAPL,0.12118841707706451,0.006833865772932768
2024-05-21,AAPL,0.12118954211473465,-0.007566962391138077
2024-05-22,AAPL,0.12118935585021973,-0.021282972767949104
2024-05-23,AAPL,0.1211862862110138,0.016452055424451828
2024-05-24,AAPL,0.12118545919656754,5.2687137213069946e-05
2024-05-28,AAPL,0.12118615210056305,0.0015777209773659706
2024-05-29,AAPL,0.12118874490261078,0.00524137681350112
2024-05-30,AAPL,0.12118855863809586,0.005006042309105396
2024-05-31,AAPL,0.12119043618440628,0.009216171689331532
2024-06-03,AAPL,0.12118708342313766,0.0016479087062180042
2024-06-04,AAPL,0.1211855486035347,0.007790460251271725
2024-06-05,AAPL,0.12118534743785858,-0.007121840957552195
2024-06-06,AAPL,0.12118782103061676,0.012315886095166206
2024-06-07,AAPL,0.1211874857544899,-0.019333461299538612
2024-06-10,AAPL,0.12118615955114365,0.07013140618801117
2024-06-11,AAPL,0.12118832021951675,0.028177645057439804
2024-06-12,AAPL,0.12119130045175552,0.005476123187690973
2024-06-13,AAPL,0.12119273841381073,-0.008201953023672104
2024-06-14,AAPL,0.12119310349225998,0.019480496644973755
2024-06-17,AAPL,0.12119168043136597,-0.011045243591070175
2024-06-18,AAPL,0.12119054049253464,-0.021747682243585587
2024-06-20,AAPL,0.1211930587887764,-0.010499351657927036
2024-06-21,AAPL,0.12119301408529282,0.003127755131572485
2024-06-24,AAPL,0.12119288742542267,0.0044582318514585495
2024-06-25,AAPL,0.12119123339653015,0.01979602687060833
2024-06-26,AAPL,0.12119314074516296,0.003978037741035223
2024-06-27,AAPL,0.12119334191083908,-0.016387686133384705
2024-06-28,AAPL,0.12119074910879135,0.028689077123999596
2024-07-01,AAPL,0.12117820233106613,0.016109470278024673
2024-07-02,AAPL,0.12117914855480194,0.005794225260615349
2024-07-03,AAPL,0.12117908895015717,0.02138996683061123
2024-07-05,AAPL,0.12117995321750641,0.006517598405480385
2024-07-08,AAPL,0.12118025124073029,0.0037677388172596693
2024-07-09,AAPL,0.12119332700967789,0.018628980964422226
2024-07-10,AAPL,0.12118101865053177,-0.023494679480791092
2024-07-11,AAPL,0.12118101865053177,0.012966438196599483
2024-07-12,AAPL,0.12118177115917206,0.016604676842689514
2024-07-15,AAPL,0.12118201702833176,0.001790262758731842
2024-07-16,AAPL,0.1211816817522049,-0.02562142349779606
2024-07-17,AAPL,0.12118104100227356,-0.020748602226376534
2024-07-18,AAPL,0.12118090689182281,0.0005797448684461415
2024-07-19,AAPL,0.12118085473775864,-0.0015615182928740978
2024-07-22,AAPL,0.12118052691221237,0.004677326884120703
2024-07-23,AAPL,0.12118124961853027,-0.029175788164138794
2024-07-24,AAPL,0.12118180096149445,-0.004816135857254267
2024-07-25,AAPL,0.12118073552846909,0.002158692805096507
2024-07-26,AAPL,0.12118065357208252,0.0012838093098253012
2024-07-29,AAPL,0.12118062376976013,0.002562684705480933
2024-07-30,AAPL,0.12118139863014221,0.014879601076245308
2024-07-31,AAPL,0.12117858231067657,-0.016892606392502785
2024-08-01,AAPL,0.1211802288889885,0.006845903117209673
2024-08-02,AAPL,0.12118104100227356,-0.04936567693948746
2024-08-05,AAPL,0.12119966745376587,-0.009796037338674068
2024-08-06,AAPL,0.12119700759649277,0.012420788407325745
2024-08-07,AAPL,0.12119720131158829,0.016496440395712852
2024-08-08,AAPL,0.12119819968938828,0.013642432168126106
2024-08-09,AAPL,0.12119849771261215,0.005947839003056288
2024-08-12,AAPL,0.12119847536087036,0.01704692840576172
2024-08-13,AAPL,0.12119954824447632,0.002031635493040085
2024-08-14,AAPL,0.12119995802640915,0.013439858332276344
2024-08-15,AAPL,0.12120044976472855,0.005901039112359285
2024-08-16,AAPL,0.12120039016008377,-0.0007080748328007758
2024-08-19,AAPL,0.12120120227336884,0.002740917494520545
2024-08-20,AAPL,0.12120169401168823,-0.00048575043911114335
2024-08-21,AAPL,0.12120216339826584,-0.008293996565043926
2024-08-22,AAPL,0.12120222300291061,0.01023558434098959
2024-08-23,AAPL,0.1212046667933464,0.001497715595178306
2024-08-26,AAPL,0.12120456993579865,0.0037345713935792446
2024-08-27,AAPL,0.12120531499385834,-0.006776375696063042
2024-08-28,AAPL,0.12120401859283447,0.014465001411736012
2024-08-29,AAPL,0.12120462954044342,-0.0034438155125826597
2024-08-30,AAPL,0.1212039440870285,-0.027582135051488876
2024-09-03,AAPL,0.12120309472084045,-0.008656102232635021
2024-09-04,AAPL,0.12120240181684494,0.006903886329382658
2024-09-05,AAPL,0.12120427936315536,-0.007039729040116072
2024-09-06,AAPL,0.12121553719043732,0.0004074721655342728
2024-09-09,AAPL,0.12121143937110901,-0.0036279712803661823
2024-09-10,AAPL,0.12121178209781647,0.011518536135554314
2024-09-11,AAPL,0.12121304124593735,0.0004939074860885739
2024-09-12,AAPL,0.12121322751045227,-0.0012127666268497705
2024-09-13,AAPL,0.12121665477752686,-0.028168274089694023
2024-09-16,AAPL,0.12120702862739563,0.0021702854428440332
2024-09-17,AAPL,0.12120693922042847,0.017829900607466698
2024-09-18,AAPL,0.12120611220598221,0.0363951213657856
2024-09-19,AAPL,0.12121764570474625,-0.002931711496785283
2024-09-20,AAPL,0.12121742963790894,-0.00760993268340826
2024-09-23,AAPL,0.1212175041437149,0.003966133575886488
2024-09-24,AAPL,0.12121651321649551,-0.004407817963510752
2024-09-25,AAPL,0.12121757864952087,0.005067358259111643
2024-09-26,AAPL,0.12121805548667908,0.0011859569931402802
2024-09-27,AAPL,0.1212180107831955,0.022614331915974617
2024-09-30,AAPL,0.12121260911226273,-0.029574653133749962
2024-10-01,AAPL,0.12121245265007019,0.002516578184440732
2024-10-02,AAPL,0.12121175229549408,-0.0049066320061683655
2024-10-03,AAPL,0.12121181935071945,0.004994838032871485
2024-10-04,AAPL,0.12121109664440155,-0.02278856560587883
2024-10-07,AAPL,0.12121038883924484,0.018236780539155006
2024-10-08,AAPL,0.1212083101272583,0.016560476273298264
2024-10-09,AAPL,0.12121085077524185,-0.002180645475164056
2024-10-10,AAPL,0.12121053040027618,-0.006526623386889696
2024-10-11,AAPL,0.1212075725197792,0.01634557545185089
2024-10-14,AAPL,0.12120798975229263,0.010964327491819859
2024-10-15,AAPL,0.1212112307548523,-0.008891269564628601
2024-10-16,AAPL,0.1212109625339508,0.0015950475353747606
2024-10-17,AAPL,0.12120728194713593,0.012201826088130474
2024-10-18,AAPL,0.12120760232210159,0.006278105545789003
2024-10-21,AAPL,0.12120890617370605,-0.0026252083480358124
2024-10-22,AAPL,0.12120888382196426,-0.02186022512614727
2024-10-23,AAPL,0.12121031433343887,-0.0008236498688347638
2024-10-24,AAPL,0.12120833247900009,0.0036365091800689697
2024-10-25,AAPL,0.12121303379535675,0.008562648668885231
2024-10-28,AAPL,0.1212175190448761,0.00115616200491786
2024-10-29,AAPL,0.12118841707706451,-0.015395832248032093
2024-10-30,AAPL,0.12120864540338516,-0.018377317115664482
2024-10-31,AAPL,0.12121757119894028,-0.013368587009608746
2024-11-01,AAPL,0.12119998037815094,-0.0040457178838551044
2024-11-04,AAPL,0.12119937688112259,0.0064652604050934315
2024-11-05,AAPL,0.12120772898197174,-0.003272279165685177
2024-11-06,AAPL,0.12119889259338379,0.021146921440958977
2024-11-07,AAPL,0.12119996547698975,-0.0022884835489094257
2024-11-08,AAPL,0.12120150774717331,-0.012101528234779835
2024-11-11,AAPL,0.12120087444782257,0.0
2024-11-12,AAPL,0.12120143324136734,0.003961279988288879
2024-11-13,AAPL,0.1212025135755539,0.013676509261131287
2024-11-14,AAPL,0.12120189517736435,-0.014209679327905178
2024-11-15,AAPL,0.12119943648576736,0.01333296112716198
2024-11-18,AAPL,0.12119971215724945,0.0011395771289244294
2024-11-19,AAPL,0.121200330555439,0.0031490633264184
2024-11-20,AAPL,0.12120142579078674,-0.002098250901326537
2024-11-21,AAPL,0.12120219320058823,0.005890158005058765
2024-11-22,AAPL,0.12120209634304047,0.012966426089406013
2024-11-25,AAPL,0.12120302766561508,0.009360453113913536
2024-11-26,AAPL,0.1212027296423912,-0.0005532240611501038
2024-11-27,AAPL,0.12120115756988525,0.010164018720388412
2024-11-29,AAPL,0.12120150029659271,0.009477528743445873
2024-12-02,AAPL,0.12120362371206284,0.012690937146544456
2024-12-03,AAPL,0.1212037205696106,0.00148252141661942
2024-12-04,AAPL,0.12120454013347626,0.00012343906564638019
2024-12-05,AAPL,0.121205173432827,-0.000823236012365669
2024-12-06,AAPL,0.12120670825242996,0.01597290299832821
2024-12-09,AAPL,0.12120569497346878,0.004125235602259636
2024-12-10,AAPL,0.12120772898197174,-0.005179466679692268
2024-12-11,AAPL,0.12120746076107025,0.005946022924035788
2024-12-12,AAPL,0.1212107390165329,0.0006853521335870028
2024-12-13,AAPL,0.12121009081602097,0.011659440584480762
2024-12-16,AAPL,0.12121036648750305,0.009672645479440689
2024-12-17,AAPL,0.12121006846427917,-0.021654557436704636
2024-12-18,AAPL,0.1212105005979538,0.006990186870098114
2024-12-19,AAPL,0.12121053785085678,0.018641026690602303
2024-12-20,AAPL,0.12121004611253738,0.0030602612532675266
2024-12-23,AAPL,0.12120992690324783,0.01141270063817501
2024-12-24,AAPL,0.12121008336544037,0.0031707107555121183
2024-12-26,AAPL,0.1212090328335762,-0.013330652378499508
2024-12-27,AAPL,0.1212092787027359,-0.013352172449231148
