run_id,experiment_id,timestamp,seed,model_name,model_family,edge_type,directed,graph_window,target_type,target_horizon,corr_window,lookback_window,protocol_version,split_train_end,split_val_start,split_test_start,rebalance_freq,baseline_version,target_policy_hash,split_id,config_hash,run_key,prediction_rows,prediction_unique_pairs,prediction_rmse,prediction_mae,prediction_rank_ic,portfolio_final_value,portfolio_cumulative_return,portfolio_annualized_return,portfolio_annualized_volatility,portfolio_sharpe,portfolio_sharpe_daily,portfolio_sharpe_annualized,portfolio_sortino_annualized,portfolio_max_drawdown,portfolio_turnover,runtime_train_seconds,runtime_inference_seconds,run_tag,out_dir,artifact_prefix
m-xgb-node2vec__f-xgboost__e-node2vec-correlation__cw-60__lb-60__sp-3170f4531422__sd-42__tg-fixed-medium,xgb_node2vec_corr_rolling_cv_y2021_1772230419_reb1,2026-02-27 22:13:39,42,xgb_node2vec,xgboost,node2vec_correlation,False,2000-03-29..2020-12-31,regression,1,60,60,v1_rolling_cv_subset,2020-12-31,2021-01-01,2021-01-01,1,price_bh_v2_eqw_v2,3b53bcae1702,3170f4531422,10a3467d9c25,6118456b62e7,8032,8032,0.015029188434253,0.010766790106507001,0.001312740022525,1.3176181173551211,0.30805147983803904,0.30945168022261205,0.11720795000719901,0.15259615916753,0.15259615916753,2.422392209940769,3.352049058566729,-0.062294996634764004,0.583665338645418,5.371665954589844,0.006897211074829001,xgb_node2vec_corr_rolling_cv_y2021,results/runs/m-xgb-node2vec__f-xgboost__e-node2vec-correlation__cw-60__lb-60__sp-3170f4531422__sd-42__tg-fixed-medium,xgb_node2vec
m-gat__f-gnn__e-corr-sector-granger__cw-60__lb-250__sp-3170f4531422__sd-42__tg-fixed-medium,gat_corr_sector_granger_rolling_cv_y2021_1772232632_reb1,2026-02-27 22:50:32,42,gat,gnn,corr+sector+granger,True,2000-06-26..2021-12-30,regression,1,60,250,v1_rolling_cv_subset,2020-12-31,2021-01-01,2021-01-01,1,price_bh_v2_eqw_v2,3b53bcae1702,3170f4531422,09f784f0bc8d,9b728eaa7b79,8032,8032,0.015141437129016002,0.010863811468456,-0.012511537428000001,1.325156756946029,0.311831356021504,0.31325069980025905,0.12449806324538801,0.147006879138738,0.147006879138738,2.333664834908198,3.267109017821614,-0.056680493144771006,0.6430278884462151,1192.4999389648438,19.326002836227417,gat_corr_sector_granger_rolling_cv_y2021,results/runs/m-gat__f-gnn__e-corr-sector-granger__cw-60__lb-250__sp-3170f4531422__sd-42__tg-fixed-medium,gat
m-xgb-raw__f-xgboost__e-none__cw-na__lb-60__sp-3170f4531422__sd-42__tg-fixed-medium,xgb_raw_rolling_cv_y2021_1772230465_reb1,2026-02-27 22:14:25,42,xgb_raw,xgboost,none,False,,regression,1,0,60,v1_rolling_cv_subset,2020-12-31,2021-01-01,2021-01-01,1,price_bh_v2_eqw_v2,3b53bcae1702,3170f4531422,6e1ac49698e5,1d8490d92e48,8032,8032,0.015022850574396,0.010756106879091001,0.0009740618015500001,1.306792608499044,0.295401393671371,0.296737845829157,0.119553618259498,0.145376913313673,0.145376913313673,2.307790018303006,3.3972046848967152,-0.044792620612962006,0.66613545816733,0.41394376754760703,0.003350019454956,xgb_raw_rolling_cv_y2021,results/runs/m-xgb-raw__f-xgboost__e-none__cw-na__lb-60__sp-3170f4531422__sd-42__tg-fixed-medium,xgb_raw
m-xgb-node2vec__f-xgboost__e-node2vec-correlation__cw-60__lb-60__sp-5f466004c922__sd-42__tg-fixed-medium,xgb_node2vec_corr_rolling_cv_y2024_1772230454_reb1,2026-02-27 22:14:14,42,xgb_node2vec,xgboost,node2vec_correlation,False,2000-03-29..2023-12-29,regression,1,60,60,v1_rolling_cv_subset,2023-12-31,2024-01-01,2024-01-01,1,price_bh_v2_eqw_v2,7ca238b83d6a,5f466004c922,adf0c646efee,09f8cbed1c45,8000,8000,0.015629879906773,0.010540594989568,0.012689945257071001,1.261036705281271,0.27166000819754804,0.27410723455406,0.10472444768494701,0.143984941465954,0.143984941465954,2.2856935506737552,3.196200881934872,-0.048261038584005,0.563599999999999,5.962372779846191,0.008360862731933,xgb_node2vec_corr_rolling_cv_y2024,results/runs/m-xgb-node2vec__f-xgboost__e-node2vec-correlation__cw-60__lb-60__sp-5f466004c922__sd-42__tg-fixed-medium,xgb_node2vec
m-gat__f-gnn__e-corr-sector-granger__cw-60__lb-250__sp-5f466004c922__sd-42__tg-fixed-medium,gat_corr_sector_granger_rolling_cv_y2024_1772236722_reb1,2026-02-27 23:58:42,42,gat,gnn,corr+sector+granger,True,2000-06-26..2024-12-27,regression,1,60,250,v1_rolling_cv_subset,2023-12-31,2024-01-01,2024-01-01,1,price_bh_v2_eqw_v2,7ca238b83d6a,5f466004c922,2eedcdffa35d,2bd21726e101,8000,8000,0.016023773513426,0.010940650584670001,0.006014665175640001,1.2801469003016481,0.28555793065926605,0.288143911394657,0.116945410051736,0.137830386624773,0.137830386624773,2.187992526742452,3.186787265305367,-0.058389475429720006,0.6528,1360.8621711730957,19.150336027145386,gat_corr_sector_granger_rolling_cv_y2024,results/runs/m-gat__f-gnn__e-corr-sector-granger__cw-60__lb-250__sp-5f466004c922__sd-42__tg-fixed-medium,gat
m-xgb-raw__f-xgboost__e-none__cw-na__lb-60__sp-5f466004c922__sd-42__tg-fixed-medium,xgb_raw_rolling_cv_y2024_1772230483_reb1,2026-02-27 22:14:43,42,xgb_raw,xgboost,none,False,,regression,1,0,60,v1_rolling_cv_subset,2023-12-31,2024-01-01,2024-01-01,1,price_bh_v2_eqw_v2,7ca238b83d6a,5f466004c922,62da5fb90654,094ee6236459,8000,8000,0.015613447066227,0.01052763418899,-0.002560843876874,1.2029805190583691,0.211584349212099,0.21344608237067703,0.10476203240953301,0.11534381332241901,0.11534381332241901,1.8310290464654981,2.47044665785911,-0.05302612930603601,0.5868,0.7357759475708,0.003353834152221,xgb_raw_rolling_cv_y2024,results/runs/m-xgb-raw__f-xgboost__e-none__cw-na__lb-60__sp-5f466004c922__sd-42__tg-fixed-medium,xgb_raw
m-gat__f-gnn__e-corr-sector-granger__cw-60__lb-250__sp-2108dc994532__sd-42__tg-fixed-medium,gat_corr_sector_granger_rolling_cv_y2023_1772235280_reb1,2026-02-27 23:34:40,42,gat,gnn,corr+sector+granger,True,2000-06-26..2023-12-28,regression,1,60,250,v1_rolling_cv_subset,2022-12-31,2023-01-01,2023-01-01,1,price_bh_v2_eqw_v2,13a0f67e443c,2108dc994532,0c1742a28ce5,4e80163c4de8,7968,7968,0.016444096983807003,0.011499378469892001,0.0026468492993890003,1.234810327129565,0.23018647018794303,0.23326081756043002,0.12357053454961901,0.11273918943493601,0.11273918943493601,1.789681448649153,2.827297765017856,-0.09581591196528201,0.6305220883534131,1293.1873648166656,19.723127603530884,gat_corr_sector_granger_rolling_cv_y2023,results/runs/m-gat__f-gnn__e-corr-sector-granger__cw-60__lb-250__sp-2108dc994532__sd-42__tg-fixed-medium,gat
m-xgb-node2vec__f-xgboost__e-node2vec-correlation__cw-60__lb-60__sp-2108dc994532__sd-42__tg-fixed-medium,xgb_node2vec_corr_rolling_cv_y2023_1772230442_reb1,2026-02-27 22:14:02,42,xgb_node2vec,xgboost,node2vec_correlation,False,2000-03-29..2022-12-30,regression,1,60,60,v1_rolling_cv_subset,2022-12-31,2023-01-01,2023-01-01,1,price_bh_v2_eqw_v2,13a0f67e443c,2108dc994532,717185466c45,cec0e0ada34a,7968,7968,0.015830225137529002,0.010919127221631,0.013562496130416001,1.213425580670043,0.20468805397574202,0.20739395342076902,0.12297673810463201,0.10418312241561101,0.10418312241561101,1.653857931218682,2.5735309996431512,-0.09751348578150601,0.599196787148594,5.62736177444458,0.007638931274414001,xgb_node2vec_corr_rolling_cv_y2023,results/runs/m-xgb-node2vec__f-xgboost__e-node2vec-correlation__cw-60__lb-60__sp-2108dc994532__sd-42__tg-fixed-medium,xgb_node2vec
m-xgb-raw__f-xgboost__e-none__cw-na__lb-60__sp-2108dc994532__sd-42__tg-fixed-medium,xgb_raw_rolling_cv_y2023_1772230477_reb1,2026-02-27 22:14:37,42,xgb_raw,xgboost,none,False,,regression,1,0,60,v1_rolling_cv_subset,2022-12-31,2023-01-01,2023-01-01,1,price_bh_v2_eqw_v2,13a0f67e443c,2108dc994532,56b83f3ea986,f936bb5787a8,7968,7968,0.01581805160309,0.010908759086337,0.008829589300839,1.203781280885005,0.200774424775842,0.20342435335867,0.12059467448819401,0.10186706502868201,0.10186706502868201,1.617091653783168,2.612281677840954,-0.11635464504330001,0.637349397590361,0.6389219760894771,0.0037009716033930004,xgb_raw_rolling_cv_y2023,results/runs/m-xgb-raw__f-xgboost__e-none__cw-na__lb-60__sp-2108dc994532__sd-42__tg-fixed-medium,xgb_raw
m-xgb-node2vec__f-xgboost__e-node2vec-correlation__cw-60__lb-60__sp-da1e51e1afff__sd-42__tg-fixed-medium,xgb_node2vec_corr_rolling_cv_y2020_1772230408_reb1,2026-02-27 22:13:28,42,xgb_node2vec,xgboost,node2vec_correlation,False,2000-03-29..2019-12-31,regression,1,60,60,v1_rolling_cv_subset,2019-12-31,2020-01-01,2020-01-01,1,price_bh_v2_eqw_v2,c12afaeb7d19,da1e51e1afff,674b044bdd2a,7529b2c4a221,8064,8064,0.028361554863996004,0.017918721112953,0.06033045575537101,1.309731093209378,0.318849902493386,0.318849902493386,0.331713454004654,0.06171333803341301,0.06171333803341301,0.97966933890364,1.11043080366059,-0.313861215369026,0.547619047619047,5.066169023513794,0.007650136947631001,xgb_node2vec_corr_rolling_cv_y2020,results/runs/m-xgb-node2vec__f-xgboost__e-node2vec-correlation__cw-60__lb-60__sp-da1e51e1afff__sd-42__tg-fixed-medium,xgb_node2vec
m-xgb-raw__f-xgboost__e-none__cw-na__lb-60__sp-da1e51e1afff__sd-42__tg-fixed-medium,xgb_raw_rolling_cv_y2020_1772230460_reb1,2026-02-27 22:14:20,42,xgb_raw,xgboost,none,False,,regression,1,0,60,v1_rolling_cv_subset,2019-12-31,2020-01-01,2020-01-01,1,price_bh_v2_eqw_v2,c12afaeb7d19,da1e51e1afff,bc48554ede64,2f437d78e2c8,8064,8064,0.028304006641112003,0.017968617714046002,0.048687851218837,1.3192726425425891,0.32673117264489004,0.32673117264489004,0.344879639769614,0.061458104597000004,0.061458104597000004,0.9756176139463991,1.109795518321998,-0.317024041459016,0.550396825396825,0.5971710681915281,0.0030269622802730003,xgb_raw_rolling_cv_y2020,results/runs/m-xgb-raw__f-xgboost__e-none__cw-na__lb-60__sp-da1e51e1afff__sd-42__tg-fixed-medium,xgb_raw
m-gat__f-gnn__e-corr-sector-granger__cw-60__lb-250__sp-da1e51e1afff__sd-42__tg-fixed-medium,gat_corr_sector_granger_rolling_cv_y2020_1772231369_reb1,2026-02-27 22:29:29,42,gat,gnn,corr+sector+granger,True,2000-06-26..2020-12-30,regression,1,60,250,v1_rolling_cv_subset,2019-12-31,2020-01-01,2020-01-01,1,price_bh_v2_eqw_v2,c12afaeb7d19,da1e51e1afff,992bded66442,3c2fb91efc8d,8064,8064,0.032078780742034005,0.01952774477494,0.009231897231014,1.14255430370986,0.15135594438736502,0.15135594438736502,0.37153107299050003,0.034332819184644,0.034332819184644,0.5450168410926161,0.598864076962837,-0.36351748648584503,0.6154761904761901,826.2909512519836,19.031114101409912,gat_corr_sector_granger_rolling_cv_y2020,results/runs/m-gat__f-gnn__e-corr-sector-granger__cw-60__lb-250__sp-da1e51e1afff__sd-42__tg-fixed-medium,gat
m-gat__f-gnn__e-corr-sector-granger__cw-60__lb-250__sp-2041bcaeeadb__sd-42__tg-fixed-medium,gat_corr_sector_granger_rolling_cv_y2022_1772233911_reb1,2026-02-27 23:11:51,42,gat,gnn,corr+sector+granger,True,2000-06-26..2022-12-29,regression,1,60,250,v1_rolling_cv_subset,2021-12-31,2022-01-01,2022-01-01,1,price_bh_v2_eqw_v2,0ccfda622ba4,2041bcaeeadb,a43bf196a0bc,e2c9d7bf47cc,8000,8000,0.022541834968430003,0.016059226059923,0.036087976539589006,0.9589424341031021,-0.048343062120693,-0.048720229259903006,0.215997636463845,-0.005559735299652001,-0.005559735299652001,-0.088258126613659,-0.140724287116738,-0.19000293880433802,0.6328,1206.4294531345367,19.194233179092407,gat_corr_sector_granger_rolling_cv_y2022,results/runs/m-gat__f-gnn__e-corr-sector-granger__cw-60__lb-250__sp-2041bcaeeadb__sd-42__tg-fixed-medium,gat
m-xgb-raw__f-xgboost__e-none__cw-na__lb-60__sp-2041bcaeeadb__sd-42__tg-fixed-medium,xgb_raw_rolling_cv_y2022_1772230471_reb1,2026-02-27 22:14:31,42,xgb_raw,xgboost,none,False,,regression,1,0,60,v1_rolling_cv_subset,2021-12-31,2022-01-01,2022-01-01,1,price_bh_v2_eqw_v2,0ccfda622ba4,2041bcaeeadb,fd1b7fb84590,43a6ab294b37,8000,8000,0.021577155135149,0.015291376967491001,0.016717674573405002,0.903890959488949,-0.099196118740873,-0.099948643609023,0.217986607750274,-0.02259442768704,-0.02259442768704,-0.358675681253787,-0.580570187218141,-0.20796923284513302,0.5952000000000001,0.682205915451049,0.003450155258178,xgb_raw_rolling_cv_y2022,results/runs/m-xgb-raw__f-xgboost__e-none__cw-na__lb-60__sp-2041bcaeeadb__sd-42__tg-fixed-medium,xgb_raw
m-xgb-node2vec__f-xgboost__e-node2vec-correlation__cw-60__lb-60__sp-2041bcaeeadb__sd-42__tg-fixed-medium,xgb_node2vec_corr_rolling_cv_y2022_1772230431_reb1,2026-02-27 22:13:51,42,xgb_node2vec,xgboost,node2vec_correlation,False,2000-03-29..2021-12-31,regression,1,60,60,v1_rolling_cv_subset,2021-12-31,2022-01-01,2022-01-01,1,price_bh_v2_eqw_v2,0ccfda622ba4,2041bcaeeadb,2d65242d19d5,a68e64de6a4c,8000,8000,0.021671609614095002,0.015367471803471,0.0010558387552360002,0.856252885925299,-0.145892973389179,-0.146969826986925,0.22215374143097302,-0.03738161593044,-0.03738161593044,-0.593415180184248,-0.9710879583093021,-0.23763242919353603,0.5788,5.738354921340942,0.007155179977416001,xgb_node2vec_corr_rolling_cv_y2022,results/runs/m-xgb-node2vec__f-xgboost__e-node2vec-correlation__cw-60__lb-60__sp-2041bcaeeadb__sd-42__tg-fixed-medium,xgb_node2vec
m-gat__f-gnn__e-corr-sector-granger__cw-60__lb-250__sp-3170f4531422__sd-42__tg-fixed-medium,gat_corr_sector_granger_rolling_cv_y2021_1772232633_reb5,2026-02-27 22:50:33,42,gat,gnn,corr+sector+granger,True,2000-06-26..2021-12-30,regression,1,60,250,v1_rolling_cv_subset,2020-12-31,2021-01-01,2021-01-01,5,price_bh_v2_eqw_v2,3b53bcae1702,3170f4531422,09f784f0bc8d,218f6a12360c,8032,8032,0.015141437129016002,0.010863811468456,-0.012511537428000001,1.337620246602723,0.324169516357178,0.32565165029757404,0.12291869474269301,0.15361932270561102,0.15361932270561102,2.438634296123884,3.361333655097302,-0.057761408328991,0.150996015936255,1192.4999389648438,19.326002836227417,gat_corr_sector_granger_rolling_cv_y2021,results/runs/m-gat__f-gnn__e-corr-sector-granger__cw-60__lb-250__sp-3170f4531422__sd-42__tg-fixed-medium,gat
m-xgb-node2vec__f-xgboost__e-node2vec-correlation__cw-60__lb-60__sp-3170f4531422__sd-42__tg-fixed-medium,xgb_node2vec_corr_rolling_cv_y2021_1772230420_reb5,2026-02-27 22:13:40,42,xgb_node2vec,xgboost,node2vec_correlation,False,2000-03-29..2020-12-31,regression,1,60,60,v1_rolling_cv_subset,2020-12-31,2021-01-01,2021-01-01,5,price_bh_v2_eqw_v2,3b53bcae1702,3170f4531422,10a3467d9c25,380c6517e36e,8032,8032,0.015029188434253,0.010766790106507001,0.001312740022525,1.2905661753161721,0.281195949885574,0.282461405665729,0.11511878843588301,0.14382320716076402,0.14382320716076402,2.283125781794766,3.29233860149268,-0.055918844832723004,0.13705179282868502,5.371665954589844,0.006897211074829001,xgb_node2vec_corr_rolling_cv_y2021,results/runs/m-xgb-node2vec__f-xgboost__e-node2vec-correlation__cw-60__lb-60__sp-3170f4531422__sd-42__tg-fixed-medium,xgb_node2vec
m-xgb-raw__f-xgboost__e-none__cw-na__lb-60__sp-3170f4531422__sd-42__tg-fixed-medium,xgb_raw_rolling_cv_y2021_1772230466_reb5,2026-02-27 22:14:26,42,xgb_raw,xgboost,none,False,,regression,1,0,60,v1_rolling_cv_subset,2020-12-31,2021-01-01,2021-01-01,5,price_bh_v2_eqw_v2,3b53bcae1702,3170f4531422,6e1ac49698e5,b44768c6eda8,8032,8032,0.015022850574396,0.010756106879091001,0.0009740618015500001,1.29181928634921,0.28055859286683804,0.28182087797603,0.11782089314964801,0.141211921431275,0.141211921431275,2.2416727778850802,3.391532244479665,-0.049038529662256004,0.147011952191235,0.41394376754760703,0.003350019454956,xgb_raw_rolling_cv_y2021,results/runs/m-xgb-raw__f-xgboost__e-none__cw-na__lb-60__sp-3170f4531422__sd-42__tg-fixed-medium,xgb_raw
m-xgb-raw__f-xgboost__e-none__cw-na__lb-60__sp-5f466004c922__sd-42__tg-fixed-medium,xgb_raw_rolling_cv_y2024_1772230483_reb5,2026-02-27 22:14:43,42,xgb_raw,xgboost,none,False,,regression,1,0,60,v1_rolling_cv_subset,2023-12-31,2024-01-01,2024-01-01,5,price_bh_v2_eqw_v2,7ca238b83d6a,5f466004c922,62da5fb90654,b95309d937a2,8000,8000,0.015613447066227,0.01052763418899,-0.002560843876874,1.24171187028234,0.25059271071369,0.252831949448778,0.10723106206784301,0.13161770578704302,0.13161770578704302,2.089369398974359,2.896186016480272,-0.055886722517451005,0.1496,0.7357759475708,0.003353834152221,xgb_raw_rolling_cv_y2024,results/runs/m-xgb-raw__f-xgboost__e-none__cw-na__lb-60__sp-5f466004c922__sd-42__tg-fixed-medium,xgb_raw
m-xgb-node2vec__f-xgboost__e-node2vec-correlation__cw-60__lb-60__sp-5f466004c922__sd-42__tg-fixed-medium,xgb_node2vec_corr_rolling_cv_y2024_1772230454_reb5,2026-02-27 22:14:14,42,xgb_node2vec,xgboost,node2vec_correlation,False,2000-03-29..2023-12-29,regression,1,60,60,v1_rolling_cv_subset,2023-12-31,2024-01-01,2024-01-01,5,price_bh_v2_eqw_v2,7ca238b83d6a,5f466004c922,adf0c646efee,6bd13262934e,8000,8000,0.015629879906773,0.010540594989568,0.012689945257071001,1.239570252874969,0.250012716783551,0.25224626984236,0.10866616336696101,0.12896073199214,0.12896073199214,2.047191145101298,2.803999346302799,-0.052187159991367006,0.1356,5.962372779846191,0.008360862731933,xgb_node2vec_corr_rolling_cv_y2024,results/runs/m-xgb-node2vec__f-xgboost__e-node2vec-correlation__cw-60__lb-60__sp-5f466004c922__sd-42__tg-fixed-medium,xgb_node2vec
m-gat__f-gnn__e-corr-sector-granger__cw-60__lb-250__sp-5f466004c922__sd-42__tg-fixed-medium,gat_corr_sector_granger_rolling_cv_y2024_1772236723_reb5,2026-02-27 23:58:43,42,gat,gnn,corr+sector+granger,True,2000-06-26..2024-12-27,regression,1,60,250,v1_rolling_cv_subset,2023-12-31,2024-01-01,2024-01-01,5,price_bh_v2_eqw_v2,7ca238b83d6a,5f466004c922,2eedcdffa35d,6ef0087c5ede,8000,8000,0.016023773513426,0.010940650584670001,0.006014665175640001,1.23358120403901,0.23879540667627702,0.24091942534934002,0.111566174565125,0.12302605671946001,0.12302605671946001,1.952980884013709,2.8679919308279103,-0.071010791546932,0.1504,1360.8621711730957,19.150336027145386,gat_corr_sector_granger_rolling_cv_y2024,results/runs/m-gat__f-gnn__e-corr-sector-granger__cw-60__lb-250__sp-5f466004c922__sd-42__tg-fixed-medium,gat
m-xgb-raw__f-xgboost__e-none__cw-na__lb-60__sp-2108dc994532__sd-42__tg-fixed-medium,xgb_raw_rolling_cv_y2023_1772230477_reb5,2026-02-27 22:14:37,42,xgb_raw,xgboost,none,False,,regression,1,0,60,v1_rolling_cv_subset,2022-12-31,2023-01-01,2023-01-01,5,price_bh_v2_eqw_v2,13a0f67e443c,2108dc994532,56b83f3ea986,b25ffa974bc0,7968,7968,0.01581805160309,0.010908759086337,0.008829589300839,1.220491617213692,0.217443021315355,0.220332412020588,0.11542657734115801,0.11371361813373002,0.11371361813373002,1.805150208181862,3.022884985671836,-0.09222532337386401,0.14216867469879502,0.6389219760894771,0.0037009716033930004,xgb_raw_rolling_cv_y2023,results/runs/m-xgb-raw__f-xgboost__e-none__cw-na__lb-60__sp-2108dc994532__sd-42__tg-fixed-medium,xgb_raw
m-xgb-node2vec__f-xgboost__e-node2vec-correlation__cw-60__lb-60__sp-2108dc994532__sd-42__tg-fixed-medium,xgb_node2vec_corr_rolling_cv_y2023_1772230443_reb5,2026-02-27 22:14:03,42,xgb_node2vec,xgboost,node2vec_correlation,False,2000-03-29..2022-12-30,regression,1,60,60,v1_rolling_cv_subset,2022-12-31,2023-01-01,2023-01-01,5,price_bh_v2_eqw_v2,13a0f67e443c,2108dc994532,717185466c45,1de261b80325,7968,7968,0.015830225137529002,0.010919127221631,0.013562496130416001,1.2040649529210241,0.195394829400132,0.19796807606612202,0.11749558699069901,0.10448259814850001,0.10448259814850001,1.658612067111412,2.778261418082062,-0.10621543937195901,0.13534136546184702,5.62736177444458,0.007638931274414001,xgb_node2vec_corr_rolling_cv_y2023,results/runs/m-xgb-node2vec__f-xgboost__e-node2vec-correlation__cw-60__lb-60__sp-2108dc994532__sd-42__tg-fixed-medium,xgb_node2vec
m-gat__f-gnn__e-corr-sector-granger__cw-60__lb-250__sp-2108dc994532__sd-42__tg-fixed-medium,gat_corr_sector_granger_rolling_cv_y2023_1772235280_reb5,2026-02-27 23:34:40,42,gat,gnn,corr+sector+granger,True,2000-06-26..2023-12-28,regression,1,60,250,v1_rolling_cv_subset,2022-12-31,2023-01-01,2023-01-01,5,price_bh_v2_eqw_v2,13a0f67e443c,2108dc994532,0c1742a28ce5,1166c559d4d6,7968,7968,0.016444096983807003,0.011499378469892001,0.0026468492993890003,1.140882245047168,0.13661011015128002,0.138364996065541,0.126314363765329,0.07050375091566101,0.07050375091566101,1.119213755086209,1.712518212798688,-0.09644825721521101,0.14859437751004,1293.1873648166656,19.723127603530884,gat_corr_sector_granger_rolling_cv_y2023,results/runs/m-gat__f-gnn__e-corr-sector-granger__cw-60__lb-250__sp-2108dc994532__sd-42__tg-fixed-medium,gat
m-gat__f-gnn__e-corr-sector-granger__cw-60__lb-250__sp-da1e51e1afff__sd-42__tg-fixed-medium,gat_corr_sector_granger_rolling_cv_y2020_1772231369_reb5,2026-02-27 22:29:29,42,gat,gnn,corr+sector+granger,True,2000-06-26..2020-12-30,regression,1,60,250,v1_rolling_cv_subset,2019-12-31,2020-01-01,2020-01-01,5,price_bh_v2_eqw_v2,c12afaeb7d19,da1e51e1afff,992bded66442,b93e88ed8814,8064,8064,0.032078780742034005,0.01952774477494,0.009231897231014,1.207121103911268,0.216420133442172,0.216420133442172,0.36290356958541503,0.044082609363342004,0.044082609363342004,0.699790035218618,0.813389434514714,-0.310241275399236,0.13809523809523802,826.2909512519836,19.031114101409912,gat_corr_sector_granger_rolling_cv_y2020,results/runs/m-gat__f-gnn__e-corr-sector-granger__cw-60__lb-250__sp-da1e51e1afff__sd-42__tg-fixed-medium,gat
m-xgb-raw__f-xgboost__e-none__cw-na__lb-60__sp-da1e51e1afff__sd-42__tg-fixed-medium,xgb_raw_rolling_cv_y2020_1772230460_reb5,2026-02-27 22:14:20,42,xgb_raw,xgboost,none,False,,regression,1,0,60,v1_rolling_cv_subset,2019-12-31,2020-01-01,2020-01-01,5,price_bh_v2_eqw_v2,c12afaeb7d19,da1e51e1afff,bc48554ede64,f245f2cd48f8,8064,8064,0.028304006641112003,0.017968617714046002,0.048687851218837,1.180748028738288,0.187423407603573,0.187423407603573,0.349853952476456,0.040970087411280005,0.040970087411280005,0.6503802700047341,0.726462221771737,-0.304566835940817,0.14166666666666602,0.5971710681915281,0.0030269622802730003,xgb_raw_rolling_cv_y2020,results/runs/m-xgb-raw__f-xgboost__e-none__cw-na__lb-60__sp-da1e51e1afff__sd-42__tg-fixed-medium,xgb_raw
m-xgb-node2vec__f-xgboost__e-node2vec-correlation__cw-60__lb-60__sp-da1e51e1afff__sd-42__tg-fixed-medium,xgb_node2vec_corr_rolling_cv_y2020_1772230408_reb5,2026-02-27 22:13:28,42,xgb_node2vec,xgboost,node2vec_correlation,False,2000-03-29..2019-12-31,regression,1,60,60,v1_rolling_cv_subset,2019-12-31,2020-01-01,2020-01-01,5,price_bh_v2_eqw_v2,c12afaeb7d19,da1e51e1afff,674b044bdd2a,bbeb5a620cf9,8064,8064,0.028361554863996004,0.017918721112953,0.06033045575537101,1.154804926067592,0.162845084796083,0.162845084796083,0.342413267079953,0.037343739325906004,0.037343739325906004,0.592813758521727,0.656660898204196,-0.32994603674787304,0.143650793650793,5.066169023513794,0.007650136947631001,xgb_node2vec_corr_rolling_cv_y2020,results/runs/m-xgb-node2vec__f-xgboost__e-node2vec-correlation__cw-60__lb-60__sp-da1e51e1afff__sd-42__tg-fixed-medium,xgb_node2vec
m-gat__f-gnn__e-corr-sector-granger__cw-60__lb-250__sp-2041bcaeeadb__sd-42__tg-fixed-medium,gat_corr_sector_granger_rolling_cv_y2022_1772233912_reb5,2026-02-27 23:11:52,42,gat,gnn,corr+sector+granger,True,2000-06-26..2022-12-29,regression,1,60,250,v1_rolling_cv_subset,2021-12-31,2022-01-01,2022-01-01,5,price_bh_v2_eqw_v2,0ccfda622ba4,2041bcaeeadb,a43bf196a0bc,69f5604d5d7e,8000,8000,0.022541834968430003,0.016059226059923,0.036087976539589006,0.8940274716558051,-0.11276483780624301,-0.11361365901709002,0.21286899592118502,-0.026738373257238,-0.026738373257238,-0.42445883314243804,-0.673195367339658,-0.232609887119737,0.1496,1206.4294531345367,19.194233179092407,gat_corr_sector_granger_rolling_cv_y2022,results/runs/m-gat__f-gnn__e-corr-sector-granger__cw-60__lb-250__sp-2041bcaeeadb__sd-42__tg-fixed-medium,gat
m-xgb-node2vec__f-xgboost__e-node2vec-correlation__cw-60__lb-60__sp-2041bcaeeadb__sd-42__tg-fixed-medium,xgb_node2vec_corr_rolling_cv_y2022_1772230431_reb5,2026-02-27 22:13:51,42,xgb_node2vec,xgboost,node2vec_correlation,False,2000-03-29..2021-12-31,regression,1,60,60,v1_rolling_cv_subset,2021-12-31,2022-01-01,2022-01-01,5,price_bh_v2_eqw_v2,0ccfda622ba4,2041bcaeeadb,2d65242d19d5,c61e090e30a4,8000,8000,0.021671609614095002,0.015367471803471,0.0010558387552360002,0.891639670157888,-0.11059487214009,-0.111428404887056,0.214474087391571,-0.027224343622196,-0.027224343622196,-0.43217337686488705,-0.6995854313967601,-0.208839070995801,0.1428,5.738354921340942,0.007155179977416001,xgb_node2vec_corr_rolling_cv_y2022,results/runs/m-xgb-node2vec__f-xgboost__e-node2vec-correlation__cw-60__lb-60__sp-2041bcaeeadb__sd-42__tg-fixed-medium,xgb_node2vec
m-xgb-raw__f-xgboost__e-none__cw-na__lb-60__sp-2041bcaeeadb__sd-42__tg-fixed-medium,xgb_raw_rolling_cv_y2022_1772230472_reb5,2026-02-27 22:14:32,42,xgb_raw,xgboost,none,False,,regression,1,0,60,v1_rolling_cv_subset,2021-12-31,2022-01-01,2022-01-01,5,price_bh_v2_eqw_v2,0ccfda622ba4,2041bcaeeadb,fd1b7fb84590,78cec983d192,8000,8000,0.021577155135149,0.015291376967491001,0.016717674573405002,0.8817593476666241,-0.121252143993458,-0.122160350774225,0.21586068138559603,-0.030233933672781002,-0.030233933672781002,-0.47994917087729605,-0.7683198594506331,-0.202098952512154,0.1476,0.682205915451049,0.003450155258178,xgb_raw_rolling_cv_y2022,results/runs/m-xgb-raw__f-xgboost__e-none__cw-na__lb-60__sp-2041bcaeeadb__sd-42__tg-fixed-medium,xgb_raw
m-gat__f-gnn__e-corr-sector-granger__cw-60__lb-250__sp-5f466004c922__sd-42__tg-fixed-medium,gat_corr_sector_granger_rolling_cv_y2024_1772236723_reb21,2026-02-27 23:58:43,42,gat,gnn,corr+sector+granger,True,2000-06-26..2024-12-27,regression,1,60,250,v1_rolling_cv_subset,2023-12-31,2024-01-01,2024-01-01,21,price_bh_v2_eqw_v2,7ca238b83d6a,5f466004c922,2eedcdffa35d,4327280d24c4,8000,8000,0.016023773513426,0.010940650584670001,0.006014665175640001,1.295808346831491,0.301285576281259,0.304030042674922,0.11633186599770101,0.145167565732705,0.145167565732705,2.304466808811835,3.180416369428325,-0.057204509426184005,0.0388,1360.8621711730957,19.150336027145386,gat_corr_sector_granger_rolling_cv_y2024,results/runs/m-gat__f-gnn__e-corr-sector-granger__cw-60__lb-250__sp-5f466004c922__sd-42__tg-fixed-medium,gat
m-xgb-raw__f-xgboost__e-none__cw-na__lb-60__sp-3170f4531422__sd-42__tg-fixed-medium,xgb_raw_rolling_cv_y2021_1772230466_reb21,2026-02-27 22:14:26,42,xgb_raw,xgboost,none,False,,regression,1,0,60,v1_rolling_cv_subset,2020-12-31,2021-01-01,2021-01-01,21,price_bh_v2_eqw_v2,3b53bcae1702,3170f4531422,6e1ac49698e5,cf12d074d51b,8032,8032,0.015022850574396,0.010756106879091001,0.0009740618015500001,1.2724262368962351,0.26133459119623303,0.262501842134375,0.116068889905379,0.134985983662601,0.134985983662601,2.142838990217661,3.025531586080795,-0.062692209156521,0.038645418326693,0.41394376754760703,0.003350019454956,xgb_raw_rolling_cv_y2021,results/runs/m-xgb-raw__f-xgboost__e-none__cw-na__lb-60__sp-3170f4531422__sd-42__tg-fixed-medium,xgb_raw
m-gat__f-gnn__e-corr-sector-granger__cw-60__lb-250__sp-3170f4531422__sd-42__tg-fixed-medium,gat_corr_sector_granger_rolling_cv_y2021_1772232633_reb21,2026-02-27 22:50:33,42,gat,gnn,corr+sector+granger,True,2000-06-26..2021-12-30,regression,1,60,250,v1_rolling_cv_subset,2020-12-31,2021-01-01,2021-01-01,21,price_bh_v2_eqw_v2,3b53bcae1702,3170f4531422,09f784f0bc8d,2a8925c7c08c,8032,8032,0.015141437129016002,0.010863811468456,-0.012511537428000001,1.261169989321662,0.24848802120460703,0.24959241769828902,0.11708496143385001,0.12907557496855201,0.12907557496855201,2.049014008268746,2.8023900945434312,-0.064975949629282,0.038645418326693,1192.4999389648438,19.326002836227417,gat_corr_sector_granger_rolling_cv_y2021,results/runs/m-gat__f-gnn__e-corr-sector-granger__cw-60__lb-250__sp-3170f4531422__sd-42__tg-fixed-medium,gat
m-xgb-node2vec__f-xgboost__e-node2vec-correlation__cw-60__lb-60__sp-5f466004c922__sd-42__tg-fixed-medium,xgb_node2vec_corr_rolling_cv_y2024_1772230455_reb21,2026-02-27 22:14:15,42,xgb_node2vec,xgboost,node2vec_correlation,False,2000-03-29..2023-12-29,regression,1,60,60,v1_rolling_cv_subset,2023-12-31,2024-01-01,2024-01-01,21,price_bh_v2_eqw_v2,7ca238b83d6a,5f466004c922,adf0c646efee,6ae7988328bc,8000,8000,0.015629879906773,0.010540594989568,0.012689945257071001,1.239169274043192,0.24960836000125602,0.251837950439571,0.11057647177894901,0.126663832217385,0.126663832217385,2.010728887547129,2.984768844593309,-0.06611323721636,0.036800000000000006,5.962372779846191,0.008360862731933,xgb_node2vec_corr_rolling_cv_y2024,results/runs/m-xgb-node2vec__f-xgboost__e-node2vec-correlation__cw-60__lb-60__sp-5f466004c922__sd-42__tg-fixed-medium,xgb_node2vec
m-xgb-node2vec__f-xgboost__e-node2vec-correlation__cw-60__lb-60__sp-3170f4531422__sd-42__tg-fixed-medium,xgb_node2vec_corr_rolling_cv_y2021_1772230420_reb21,2026-02-27 22:13:40,42,xgb_node2vec,xgboost,node2vec_correlation,False,2000-03-29..2020-12-31,regression,1,60,60,v1_rolling_cv_subset,2020-12-31,2021-01-01,2021-01-01,21,price_bh_v2_eqw_v2,3b53bcae1702,3170f4531422,10a3467d9c25,10a383b10d9e,8032,8032,0.015029188434253,0.010766790106507001,0.001312740022525,1.2422163976941811,0.23319721843580002,0.23422749186580402,0.11342897153256401,0.12455310981964501,0.12455310981964501,1.977222088754921,2.701384796253048,-0.068101888834442,0.033466135458167005,5.371665954589844,0.006897211074829001,xgb_node2vec_corr_rolling_cv_y2021,results/runs/m-xgb-node2vec__f-xgboost__e-node2vec-correlation__cw-60__lb-60__sp-3170f4531422__sd-42__tg-fixed-medium,xgb_node2vec
m-xgb-raw__f-xgboost__e-none__cw-na__lb-60__sp-5f466004c922__sd-42__tg-fixed-medium,xgb_raw_rolling_cv_y2024_1772230484_reb21,2026-02-27 22:14:44,42,xgb_raw,xgboost,none,False,,regression,1,0,60,v1_rolling_cv_subset,2023-12-31,2024-01-01,2024-01-01,21,price_bh_v2_eqw_v2,7ca238b83d6a,5f466004c922,62da5fb90654,be6767ed6641,8000,8000,0.015613447066227,0.01052763418899,-0.002560843876874,1.207350771214193,0.21598585782360302,0.21788968505585402,0.11108162702641401,0.11123728225996701,0.11123728225996701,1.76583963580263,2.645964664155689,-0.07390674914765401,0.036000000000000004,0.7357759475708,0.003353834152221,xgb_raw_rolling_cv_y2024,results/runs/m-xgb-raw__f-xgboost__e-none__cw-na__lb-60__sp-5f466004c922__sd-42__tg-fixed-medium,xgb_raw
m-gat__f-gnn__e-corr-sector-granger__cw-60__lb-250__sp-2108dc994532__sd-42__tg-fixed-medium,gat_corr_sector_granger_rolling_cv_y2023_1772235280_reb21,2026-02-27 23:34:40,42,gat,gnn,corr+sector+granger,True,2000-06-26..2023-12-28,regression,1,60,250,v1_rolling_cv_subset,2022-12-31,2023-01-01,2023-01-01,21,price_bh_v2_eqw_v2,13a0f67e443c,2108dc994532,0c1742a28ce5,a7bfb0ee0780,7968,7968,0.016444096983807003,0.011499378469892001,0.0026468492993890003,1.179343160171829,0.174927004963288,0.17721121416114502,0.115665979148881,0.09457983414109,0.09457983414109,1.501410381673205,2.366970820362366,-0.09568712718724001,0.037349397590361,1293.1873648166656,19.723127603530884,gat_corr_sector_granger_rolling_cv_y2023,results/runs/m-gat__f-gnn__e-corr-sector-granger__cw-60__lb-250__sp-2108dc994532__sd-42__tg-fixed-medium,gat
m-xgb-raw__f-xgboost__e-none__cw-na__lb-60__sp-2108dc994532__sd-42__tg-fixed-medium,xgb_raw_rolling_cv_y2023_1772230478_reb21,2026-02-27 22:14:38,42,xgb_raw,xgboost,none,False,,regression,1,0,60,v1_rolling_cv_subset,2022-12-31,2023-01-01,2023-01-01,21,price_bh_v2_eqw_v2,13a0f67e443c,2108dc994532,56b83f3ea986,90157c707322,7968,7968,0.01581805160309,0.010908759086337,0.008829589300839,1.171387883029661,0.16846194052813102,0.17065575473468603,0.115230670067387,0.09116220988414801,0.09116220988414801,1.447157211565755,2.289093450922509,-0.105802185101787,0.034538152610441006,0.6389219760894771,0.0037009716033930004,xgb_raw_rolling_cv_y2023,results/runs/m-xgb-raw__f-xgboost__e-none__cw-na__lb-60__sp-2108dc994532__sd-42__tg-fixed-medium,xgb_raw
m-xgb-node2vec__f-xgboost__e-node2vec-correlation__cw-60__lb-60__sp-2108dc994532__sd-42__tg-fixed-medium,xgb_node2vec_corr_rolling_cv_y2023_1772230443_reb21,2026-02-27 22:14:03,42,xgb_node2vec,xgboost,node2vec_correlation,False,2000-03-29..2022-12-30,regression,1,60,60,v1_rolling_cv_subset,2022-12-31,2023-01-01,2023-01-01,21,price_bh_v2_eqw_v2,13a0f67e443c,2108dc994532,717185466c45,8b1d257144b2,7968,7968,0.015830225137529002,0.010919127221631,0.013562496130416001,1.1556853248759311,0.147363569065624,0.149265437019892,0.12362352167122401,0.078518700075176,0.078518700075176,1.246447322564014,1.934524636585003,-0.125687781022054,0.034136546184738,5.62736177444458,0.007638931274414001,xgb_node2vec_corr_rolling_cv_y2023,results/runs/m-xgb-node2vec__f-xgboost__e-node2vec-correlation__cw-60__lb-60__sp-2108dc994532__sd-42__tg-fixed-medium,xgb_node2vec
m-gat__f-gnn__e-corr-sector-granger__cw-60__lb-250__sp-da1e51e1afff__sd-42__tg-fixed-medium,gat_corr_sector_granger_rolling_cv_y2020_1772231370_reb21,2026-02-27 22:29:30,42,gat,gnn,corr+sector+granger,True,2000-06-26..2020-12-30,regression,1,60,250,v1_rolling_cv_subset,2019-12-31,2020-01-01,2020-01-01,21,price_bh_v2_eqw_v2,c12afaeb7d19,da1e51e1afff,992bded66442,ea28e59a7ff1,8064,8064,0.032078780742034005,0.01952774477494,0.009231897231014,1.304139705226038,0.314186115310352,0.314186115310352,0.335074475785792,0.060475420740737,0.060475420740737,0.960017997090408,1.156035528731633,-0.30809542499132603,0.030952380952380003,826.2909512519836,19.031114101409912,gat_corr_sector_granger_rolling_cv_y2020,results/runs/m-gat__f-gnn__e-corr-sector-granger__cw-60__lb-250__sp-da1e51e1afff__sd-42__tg-fixed-medium,gat
m-xgb-node2vec__f-xgboost__e-node2vec-correlation__cw-60__lb-60__sp-da1e51e1afff__sd-42__tg-fixed-medium,xgb_node2vec_corr_rolling_cv_y2020_1772230409_reb21,2026-02-27 22:13:29,42,xgb_node2vec,xgboost,node2vec_correlation,False,2000-03-29..2019-12-31,regression,1,60,60,v1_rolling_cv_subset,2019-12-31,2020-01-01,2020-01-01,21,price_bh_v2_eqw_v2,c12afaeb7d19,da1e51e1afff,674b044bdd2a,77db3107f7f0,8064,8064,0.028361554863996004,0.017918721112953,0.06033045575537101,1.20620769863941,0.21460574157953902,0.21460574157953902,0.30241069999867304,0.048601263163524006,0.048601263163524006,0.771521539401929,0.9061949722704531,-0.283586994944286,0.037301587301587,5.066169023513794,0.007650136947631001,xgb_node2vec_corr_rolling_cv_y2020,results/runs/m-xgb-node2vec__f-xgboost__e-node2vec-correlation__cw-60__lb-60__sp-da1e51e1afff__sd-42__tg-fixed-medium,xgb_node2vec
m-xgb-raw__f-xgboost__e-none__cw-na__lb-60__sp-da1e51e1afff__sd-42__tg-fixed-medium,xgb_raw_rolling_cv_y2020_1772230460_reb21,2026-02-27 22:14:20,42,xgb_raw,xgboost,none,False,,regression,1,0,60,v1_rolling_cv_subset,2019-12-31,2020-01-01,2020-01-01,21,price_bh_v2_eqw_v2,c12afaeb7d19,da1e51e1afff,bc48554ede64,1535a7a76c27,8064,8064,0.028304006641112003,0.017968617714046002,0.048687851218837,1.163757601457622,0.170336924656143,0.170336924656143,0.30031361464335105,0.041274483114472,0.041274483114472,0.655212453225377,0.7678664581424121,-0.288409902763759,0.032142857142857,0.5971710681915281,0.0030269622802730003,xgb_raw_rolling_cv_y2020,results/runs/m-xgb-raw__f-xgboost__e-none__cw-na__lb-60__sp-da1e51e1afff__sd-42__tg-fixed-medium,xgb_raw
m-xgb-raw__f-xgboost__e-none__cw-na__lb-60__sp-2041bcaeeadb__sd-42__tg-fixed-medium,xgb_raw_rolling_cv_y2022_1772230472_reb21,2026-02-27 22:14:32,42,xgb_raw,xgboost,none,False,,regression,1,0,60,v1_rolling_cv_subset,2021-12-31,2022-01-01,2022-01-01,21,price_bh_v2_eqw_v2,0ccfda622ba4,2041bcaeeadb,fd1b7fb84590,148e0e662ef4,8000,8000,0.021577155135149,0.015291376967491001,0.016717674573405002,0.891792641466523,-0.11125311711761401,-0.112091292032298,0.21425536694539402,-0.027218623162609003,-0.027218623162609003,-0.43208256764343606,-0.716283154184107,-0.16705578469190802,0.0396,0.682205915451049,0.003450155258178,xgb_raw_rolling_cv_y2022,results/runs/m-xgb-raw__f-xgboost__e-none__cw-na__lb-60__sp-2041bcaeeadb__sd-42__tg-fixed-medium,xgb_raw
m-xgb-node2vec__f-xgboost__e-node2vec-correlation__cw-60__lb-60__sp-2041bcaeeadb__sd-42__tg-fixed-medium,xgb_node2vec_corr_rolling_cv_y2022_1772230432_reb21,2026-02-27 22:13:52,42,xgb_node2vec,xgboost,node2vec_correlation,False,2000-03-29..2021-12-31,regression,1,60,60,v1_rolling_cv_subset,2021-12-31,2022-01-01,2022-01-01,21,price_bh_v2_eqw_v2,0ccfda622ba4,2041bcaeeadb,2d65242d19d5,90d0915e9997,8000,8000,0.021671609614095002,0.015367471803471,0.0010558387552360002,0.8753974516531541,-0.126796385945969,-0.127743029527221,0.222189223431688,-0.031058917502500002,-0.031058917502500002,-0.49304538247535606,-0.8178743389779961,-0.21186439337305502,0.0356,5.738354921340942,0.007155179977416001,xgb_node2vec_corr_rolling_cv_y2022,results/runs/m-xgb-node2vec__f-xgboost__e-node2vec-correlation__cw-60__lb-60__sp-2041bcaeeadb__sd-42__tg-fixed-medium,xgb_node2vec
m-gat__f-gnn__e-corr-sector-granger__cw-60__lb-250__sp-2041bcaeeadb__sd-42__tg-fixed-medium,gat_corr_sector_granger_rolling_cv_y2022_1772233912_reb21,2026-02-27 23:11:52,42,gat,gnn,corr+sector+granger,True,2000-06-26..2022-12-29,regression,1,60,250,v1_rolling_cv_subset,2021-12-31,2022-01-01,2022-01-01,21,price_bh_v2_eqw_v2,0ccfda622ba4,2041bcaeeadb,a43bf196a0bc,73fcb7d1325a,8000,8000,0.022541834968430003,0.016059226059923,0.036087976539589006,0.8624542007308901,-0.14409823307448,-0.14516299447498301,0.218711057056582,-0.036085867536888,-0.036085867536888,-0.572845803862963,-0.9014261228432721,-0.24122546846646903,0.0352,1206.4294531345367,19.194233179092407,gat_corr_sector_granger_rolling_cv_y2022,results/runs/m-gat__f-gnn__e-corr-sector-granger__cw-60__lb-250__sp-2041bcaeeadb__sd-42__tg-fixed-medium,gat
